-- MySQL dump 10.10
--
-- Host: localhost    Database: bdlaboratorio
-- ------------------------------------------------------
-- Server version	5.0.27-community-nt-log

/*!40101 SET @OLD_CHARACTER_SET_CLIENT=@@CHARACTER_SET_CLIENT */;
/*!40101 SET @OLD_CHARACTER_SET_RESULTS=@@CHARACTER_SET_RESULTS */;
/*!40101 SET @OLD_COLLATION_CONNECTION=@@COLLATION_CONNECTION */;
/*!40101 SET NAMES utf8 */;
/*!40103 SET @OLD_TIME_ZONE=@@TIME_ZONE */;
/*!40103 SET TIME_ZONE='+00:00' */;
/*!40014 SET @OLD_UNIQUE_CHECKS=@@UNIQUE_CHECKS, UNIQUE_CHECKS=0 */;
/*!40014 SET @OLD_FOREIGN_KEY_CHECKS=@@FOREIGN_KEY_CHECKS, FOREIGN_KEY_CHECKS=0 */;
/*!40101 SET @OLD_SQL_MODE=@@SQL_MODE, SQL_MODE='NO_AUTO_VALUE_ON_ZERO' */;
/*!40111 SET @OLD_SQL_NOTES=@@SQL_NOTES, SQL_NOTES=0 */;

--
-- Table structure for table `caracteristica`
--

DROP TABLE IF EXISTS `caracteristica`;
CREATE TABLE `caracteristica` (
  `codCar` varchar(4) NOT NULL,
  `denCar` varchar(50) default NULL,
  PRIMARY KEY  (`codCar`)
) ENGINE=MyISAM DEFAULT CHARSET=utf8;

--
-- Dumping data for table `caracteristica`
--

LOCK TABLES `caracteristica` WRITE;
/*!40000 ALTER TABLE `caracteristica` DISABLE KEYS */;
INSERT INTO `caracteristica` VALUES ('01','CASE'),('10','LECTORA/QUEMADORA'),('11','DISQUETERA'),('12','MONITOR'),('13','TECLADO'),('14','MOUSE'),('15','ESTABILIZADOR '),('16','??'),('17','MINI USB Hub '),('18','TARJETA CAPTURADORA DE TV'),('19','KIT TECLADO/MOUSE'),('02','FUENTE'),('20','TARJETA DE RED INALAMBRICA'),('21','WOOFER'),('22','Observacion:'),('03','PLACA  MADRE'),('04','MICROPROCESADOR'),('05','MEMORIA RAM'),('06','TARJETA DE VIDEO'),('07','TARJETA DE RED'),('08','TARJETA DE SONIDO'),('09','DISCO DURO');
/*!40000 ALTER TABLE `caracteristica` ENABLE KEYS */;
UNLOCK TABLES;

--
-- Table structure for table `componente`
--

DROP TABLE IF EXISTS `componente`;
CREATE TABLE `componente` (
  `codCom` varchar(8) NOT NULL,
  `codCar` varchar(8) default NULL,
  `codEqp` varchar(8) default NULL,
  `marCom` varchar(20) default NULL,
  `tipCom` varchar(20) default NULL,
  `modCom` varchar(20) default NULL,
  `serCom` varchar(40) default NULL,
  `colCom` varchar(10) default NULL,
  `otrCom` varchar(50) default NULL,
  `oriCom` varchar(20) default NULL,
  `iniCom` varchar(8) default NULL,
  `estCom` varchar(1) default NULL,
  `sitCom` varchar(4) default NULL,
  `codOpe` varchar(8) default NULL,
  PRIMARY KEY  (`codCom`),
  KEY `codCar` (`codCar`),
  KEY `codEqp` (`codEqp`)
) ENGINE=MyISAM DEFAULT CHARSET=utf8;

--
-- Dumping data for table `componente`
--

LOCK TABLES `componente` WRITE;
/*!40000 ALTER TABLE `componente` DISABLE KEYS */;
INSERT INTO `componente` VALUES ('CAP001','18','PC064','KWORLD',NULL,NULL,'18101104520',NULL,NULL,NULL,NULL,'B','alta',NULL),('CAP002','18','PC066','KWORLD',NULL,NULL,'18101104517',NULL,NULL,NULL,NULL,'B','alta',NULL),('CAP003','18','PC063','KWORLD',NULL,NULL,'18101106551',NULL,NULL,NULL,NULL,'B','alta',NULL),('CAS001','01','PC001','SHALOM',NULL,NULL,NULL,NULL,NULL,NULL,NULL,'B','alta',NULL),('CAS002','01','PC002','SHALOM',NULL,NULL,NULL,NULL,NULL,NULL,NULL,'B','alta',NULL),('CAS003','01','PC003','ILLUSION',NULL,NULL,NULL,'NEGRO/PLOM',NULL,NULL,NULL,'R','alta',NULL),('CAS004','01','PC004','HALION',NULL,NULL,NULL,'NEGRO',NULL,NULL,NULL,'R','alta',NULL),('CAS005','01','PC006',NULL,NULL,NULL,'HALION','NEGRO',NULL,NULL,NULL,'R','alta',NULL),('CAS006','01','PC007','HALION',NULL,NULL,NULL,'NEGRO',NULL,NULL,NULL,'R','alta',NULL),('CAS007','01','PC008','HALION',NULL,NULL,NULL,'NEGRO',NULL,NULL,NULL,'R','alta',NULL),('CAS008','01','PC009','AVATEC',NULL,NULL,NULL,NULL,NULL,NULL,NULL,'B','alta',NULL),('CAS009','01','PC010','SHALOM',NULL,NULL,NULL,NULL,NULL,NULL,NULL,'B','alta',NULL),('CAS010','01','PC011','AVATEC',NULL,NULL,NULL,NULL,NULL,NULL,NULL,'R','alta',NULL),('CAS011','01','PC012','SHALOM',NULL,NULL,NULL,NULL,NULL,NULL,NULL,'B','alta',NULL),('CAS012','01','PC013','CIBERTEL',NULL,NULL,NULL,NULL,NULL,NULL,NULL,'R','alta',NULL),('CAS013','01','PC014','SHALOM',NULL,NULL,NULL,NULL,NULL,NULL,NULL,'B','alta',NULL),('CAS014','01','PC015','CYBERTEL',NULL,NULL,NULL,NULL,NULL,NULL,NULL,'R','alta',NULL),('CAS015','01','PC016','SHALOM',NULL,NULL,NULL,NULL,NULL,NULL,NULL,'B','alta',NULL),('CAS016','01','PC017','CYBERTEL',NULL,NULL,NULL,NULL,NULL,NULL,NULL,'R','alta',NULL),('CAS017','01','PC018','CYBERTEL',NULL,NULL,NULL,NULL,NULL,NULL,NULL,'R','alta',NULL),('CAS018','01','PC019','HS POWER',NULL,NULL,NULL,'PLOMO',NULL,NULL,NULL,'B','alta',NULL),('CAS019','01','PC021','ILLUSION',NULL,NULL,NULL,NULL,NULL,NULL,NULL,'R','alta',NULL),('CAS020','01','PC022','HALION',NULL,NULL,NULL,'NEGRO',NULL,NULL,NULL,'B','alta',NULL),('CAS021','01','PC023','ILLUSION',NULL,NULL,NULL,NULL,NULL,NULL,NULL,'B','alta',NULL),('CAS022','01','PC024','AVATEC',NULL,NULL,NULL,NULL,NULL,NULL,NULL,'B','alta',NULL),('CAS023','01','PC025','AVATEC',NULL,NULL,NULL,NULL,NULL,NULL,NULL,'B','alta',NULL),('CAS024','01','PC026','AVATEC',NULL,NULL,NULL,NULL,NULL,NULL,NULL,'B','alta',NULL),('CAS025','01','PC027','AVATEC',NULL,NULL,NULL,NULL,NULL,NULL,NULL,'B','alta',NULL),('CAS026','01','PC028','AVATEC',NULL,NULL,NULL,NULL,NULL,NULL,NULL,'B','alta',NULL),('CAS027','01','PC029','ILLUSION',NULL,NULL,NULL,'NEGRO',NULL,NULL,NULL,'B','alta',NULL),('CAS028','01','PC030','ILLISION',NULL,NULL,NULL,'BLANCO/CEL',NULL,NULL,NULL,'R','alta',NULL),('CAS029','01','PC031','ILLUSION',NULL,NULL,NULL,NULL,NULL,NULL,NULL,'R','alta',NULL),('CAS030','01','PC032','ILLUSION',NULL,NULL,NULL,'NEGRO/PLOM',NULL,NULL,NULL,'R','alta',NULL),('CAS031','01','PC035','ILLUSION',NULL,NULL,NULL,NULL,NULL,NULL,NULL,'R','alta',NULL),('CAS032','01','PC037','ILLUSION',NULL,NULL,'ILLUSION',NULL,NULL,NULL,NULL,'B','alta',NULL),('CAS033','01','PC039','ILLUSION',NULL,NULL,NULL,NULL,NULL,NULL,NULL,'B','alta',NULL),('CAS034','01','PC041','CIBERLINK',NULL,NULL,NULL,NULL,NULL,NULL,NULL,'R','alta',NULL),('CAS035','01','PC042','CIBERLINK',NULL,NULL,NULL,NULL,NULL,NULL,NULL,'B','alta',NULL),('CAS036','01','PC043','HALION',NULL,NULL,NULL,'NEGRO ROJO',NULL,NULL,NULL,'B','alta',NULL),('CAS037','01','PC044','HALION',NULL,NULL,NULL,'NEGRO ROJO',NULL,NULL,NULL,'B','alta',NULL),('CAS038','01','PC045','HALION',NULL,NULL,NULL,'NEGRO ROJO',NULL,NULL,NULL,'B','alta',NULL),('CAS039','01','PC046','HALION',NULL,NULL,NULL,'NEGRO ROJO',NULL,NULL,NULL,'B','alta',NULL),('CAS040','01','PC047','HALION',NULL,NULL,NULL,'NEGRO ROJO',NULL,NULL,NULL,'B','alta',NULL),('CAS041','01','PC048','HALION',NULL,NULL,NULL,'NEGRO ROJO',NULL,NULL,NULL,'B','alta',NULL),('CAS042','01','PC049','HALION',NULL,NULL,NULL,'NEGRO ROJO',NULL,NULL,NULL,'B','alta',NULL),('CAS043','01','PC050','HALION',NULL,NULL,NULL,'NEGRO ROJO',NULL,NULL,NULL,'B','alta',NULL),('CAS044','01','PC051','AVATEC',NULL,NULL,NULL,'GARANTIA H',NULL,NULL,NULL,'B','alta',NULL),('CAS045','01','PC052','AVATEC',NULL,NULL,NULL,'GARANTIA H',NULL,NULL,NULL,'B','alta',NULL),('CAS046','01','PC053','AVATEC',NULL,NULL,NULL,'GARANTIA H',NULL,NULL,NULL,'B','alta',NULL),('CAS047','01','PC054','AVATEC',NULL,NULL,NULL,'GARANTIA H',NULL,NULL,NULL,'B','alta',NULL),('CAS048','01','PC055','HALION',NULL,NULL,'HALION',NULL,NULL,NULL,NULL,'R','alta',NULL),('CAS049','01','PC056','HALION',NULL,NULL,NULL,NULL,NULL,NULL,NULL,'R','alta',NULL),('CAS050','01','PC057','HALION',NULL,NULL,NULL,NULL,NULL,NULL,NULL,'R','alta',NULL),('CAS051','01','PC058','HALION',NULL,NULL,NULL,NULL,NULL,NULL,NULL,'R','alta',NULL),('CAS052','01','PC059','HALION',NULL,NULL,NULL,NULL,NULL,NULL,NULL,'B','alta',NULL),('CAS053','01','PC060','HALION',NULL,NULL,NULL,NULL,NULL,NULL,NULL,'B','alta',NULL),('CAS054','01','PC061','HALION',NULL,NULL,NULL,NULL,NULL,NULL,NULL,'B','alta',NULL),('CAS055','01','PC062',NULL,NULL,NULL,NULL,NULL,NULL,NULL,NULL,'B','alta',NULL),('CAS056','01','PC063','AVATEC',NULL,NULL,NULL,NULL,NULL,NULL,NULL,'B','alta',NULL),('CAS057','01','PC064','AVATEC',NULL,NULL,NULL,NULL,NULL,NULL,NULL,'B','alta',NULL),('CAS058','01','PC065','AVATEC',NULL,NULL,NULL,NULL,NULL,NULL,NULL,'B','alta',NULL),('CAS059','01','PC066','AVATEC',NULL,NULL,NULL,NULL,NULL,NULL,NULL,'B','alta',NULL),('CAS060','01','PC067','CIBERTEL',NULL,NULL,NULL,NULL,NULL,NULL,NULL,'R','alta',NULL),('CAS061','01','PC068','HP',NULL,NULL,NULL,NULL,NULL,NULL,NULL,'B','alta',NULL),('CAS062','01','PC069','S/MARCA',NULL,NULL,NULL,'INTEL INSI','BLANCO CELESTE',NULL,NULL,'B','Baja',NULL),('CAS063','01','PC070','S/MARCA',NULL,NULL,NULL,NULL,'BLANCO-VERDE',NULL,NULL,'B','Baja',NULL),('CAS064','01','PC071','S/MARCA',NULL,NULL,NULL,'CON ETIQUE','BLANCO-AZUL',NULL,NULL,'B','Baja',NULL),('CAS065','01','PC072','KENDALL',NULL,NULL,NULL,NULL,'BLANCO',NULL,NULL,'R','Baja',NULL),('CAS066','01','PC073','HS POWER',NULL,NULL,NULL,NULL,'BLANCO-PLOMO',NULL,NULL,'R','Baja',NULL),('CAS067','01','PC074','S/MARCA',NULL,NULL,NULL,NULL,'BLANCO-CELESTE',NULL,NULL,'B','Baja',NULL),('CAS068','01','PC075','S/MARCA',NULL,NULL,NULL,NULL,'BLANCO-VERDE',NULL,NULL,'R','Baja',NULL),('CAS069','01','PC076','S/MARCA',NULL,NULL,'CON ETIQUETA',NULL,'BLANCO',NULL,NULL,'R','Baja',NULL),('CAS070','01','PC079','CYBERTEL',NULL,NULL,NULL,'BLANCO',NULL,NULL,NULL,'R','alta',NULL),('CAS071','01','PC080','CYBERTEL',NULL,NULL,NULL,'BLANCO',NULL,NULL,NULL,'R','alta',NULL),('CAS072','01','PC081',NULL,NULL,NULL,NULL,'PLOMO/BLAN',NULL,NULL,NULL,'R','alta',NULL),('CAS073','01','PC082','CYBERTEL',NULL,NULL,NULL,'BLANCO',NULL,NULL,NULL,'R','alta',NULL),('CAS074','01','PC083','CYBERTEL',NULL,NULL,NULL,'BLANCO',NULL,NULL,NULL,'R','alta',NULL),('CAS075','01','PC084','S/M',NULL,NULL,NULL,'BLANCO/CEL',NULL,NULL,NULL,'R','alta',NULL),('CAS076','01','PC085','S/M',NULL,NULL,NULL,'BLANCO/VER',NULL,NULL,NULL,'R','alta',NULL),('CAS077','01','PC086','CYBERTEL',NULL,NULL,NULL,'BLANCO',NULL,NULL,NULL,'R','alta',NULL),('CAS078','01','PC087','KENDALL',NULL,NULL,NULL,'BLANCO',NULL,NULL,NULL,'R','alta',NULL),('CAS079','01','PC088','AVATEC',NULL,NULL,NULL,NULL,NULL,NULL,NULL,'R','alta',NULL),('CAS080','01','PC089','AVATEC',NULL,NULL,NULL,NULL,NULL,NULL,NULL,'R','alta',NULL),('CAS081','01','PC090','AVATEC',NULL,NULL,NULL,NULL,NULL,NULL,NULL,'R','alta',NULL),('CAS082','01','PC091','AVATEC',NULL,'PSA-H580',NULL,NULL,NULL,NULL,NULL,'R','alta',NULL),('CAS083','01','PC092','AVATEC',NULL,NULL,NULL,NULL,NULL,NULL,NULL,NULL,'alta',NULL),('CAS084','01','PC093','AVATEC',NULL,NULL,NULL,NULL,NULL,NULL,NULL,NULL,'alta',NULL),('CAS085','01','PC094','AVATEC',NULL,NULL,NULL,NULL,NULL,NULL,NULL,NULL,'alta',NULL),('CAS086','01','PC095','AVATEC',NULL,NULL,NULL,NULL,NULL,NULL,NULL,NULL,'alta',NULL),('CAS087','01','PC096','MICRONICS',NULL,'VOYAGER',NULL,'BLANCO/AZU',NULL,NULL,NULL,'R','alta',NULL),('CAS088','01','PC097',NULL,NULL,NULL,NULL,'blanco / v',NULL,NULL,NULL,'R','alta',NULL),('CAS089','01','PC098','DELUXE',NULL,NULL,NULL,'PLOMO',NULL,NULL,NULL,'B','alta',NULL),('CAS090','01','PC099','S/M',NULL,NULL,NULL,'NEGRO',NULL,NULL,NULL,'B','alta',NULL),('CAS091','01','PC100','S/M',NULL,'S/M',NULL,'NEGRO',NULL,NULL,NULL,'B','alta',NULL),('CAS092','01','PC101','ILLUSION',NULL,NULL,NULL,'NEGRO/PLOM',NULL,NULL,NULL,'B','alta',NULL),('CAS093','01','PC102','ILLUSION',NULL,NULL,NULL,'NEGRO/PLOM',NULL,NULL,NULL,'R','alta',NULL),('CAS094','01','PC103','CYBERTEL',NULL,NULL,NULL,'BLANCO',NULL,NULL,NULL,'B','alta',NULL),('CAS095','01','PC104','CYBERTEL',NULL,NULL,NULL,'BLANCO',NULL,NULL,NULL,'R','alta',NULL),('CAS096','01','PC105','MICRONICS',NULL,'VOYAGER',NULL,'AZUL/BLANC',NULL,NULL,NULL,'R','alta',NULL),('DD001','09','PC001','SAMSUNG',NULL,'HD322HJ','S17AJ9DS5131',NULL,'320 GB SATA',NULL,NULL,'B','alta',NULL),('DD002','09','PC002','SAMSUNG',NULL,'HD322HJ','S17AJ9DS513122',NULL,'320 GB SATA',NULL,NULL,'B','alta',NULL),('DD003','09','PC003','Hitachi',NULL,'HDS728080PLAT20','SWUMN2GH','Plateado','82,3 GB',NULL,NULL,'B','alta',NULL),('DD004','09','PC004','Samsung',NULL,'HD080HJ','SO8EJ1ULA21577','Negro/Plat','80 GB',NULL,NULL,'B','alta',NULL),('DD005','09','PC005','Sansumg',NULL,'HD080HJ','SO8EJ1QLA043','Negro/Plat','80 GB',NULL,NULL,'B','alta',NULL),('DD006','09','PC006','Samsung',NULL,'HD080HJ','SO8EJ1RLA13298','Plomo/Negr','80 GB',NULL,NULL,'B','alta',NULL),('DD007','09','PC007','Samsung',NULL,'HD080HJ','S08EJ1QLA043','Negro/Plat','80 GB',NULL,NULL,'B','alta',NULL),('DD008','09','PC008','Samsung',NULL,'HD080HJ','SO8EJ1ULA21576','Negro/Plat','80 GB',NULL,NULL,'B','alta',NULL),('DD009','09','PC009','SAMSUNG ',NULL,'HD322HJ','S17AJ1L5916B62','Plomo/Negr','320GB',NULL,NULL,'B','alta',NULL),('DD010','09','PC010','SAMSUNG',NULL,'HD322HJ','S17AJ9DS5131',NULL,'320 GB SATA',NULL,NULL,'B','alta',NULL),('DD011','09','PC011','SAMSUNG ',NULL,'HD322HJ',NULL,'Plomo/Negr','40 GB',NULL,NULL,'B','alta',NULL),('DD012','09','PC012','SAMSUNG',NULL,'HD322HJ','S17AJ9DS5131',NULL,'320 GB SATA',NULL,NULL,'B','alta',NULL),('DD013','09','PC013','SAMSUNG',NULL,'HD322HJ','517AJ905898236',NULL,NULL,NULL,NULL,'R','alta',NULL),('DD014','09','PC014','SAMSUNG',NULL,'HD322HJ','S17AJ9DS5131',NULL,'320 GB SATA',NULL,NULL,'B','alta',NULL),('DD015','09','PC015','SAMSUNG',NULL,'HD322HJ','S17AJ905898228',NULL,NULL,NULL,NULL,'R','alta',NULL),('DD016','09','PC016','SEAGATE',NULL,'ST3250318AS','6VY05N95',NULL,'250 GB SATA',NULL,NULL,'B','alta',NULL),('DD017','09','PC017','SAMSUNG',NULL,'HD322HJ','S17AJ905898226',NULL,NULL,NULL,NULL,'R','alta',NULL),('DD018','09','PC018','SAMSUNG',NULL,'HD322HJ','517AJ905898234',NULL,NULL,NULL,NULL,'R','alta',NULL),('DD019','09','PC019','SEAGATE',NULL,'BARRACUDA 7200.10','9RA87Y54','Plateado','80 GB',NULL,NULL,'B','alta',NULL),('DD020','09','PC020','SAMSUNG','SATA','HD160HJ','SOD4J1EQ108448','PC 01 REDE','160 GB',NULL,NULL,'R','alta',NULL),('DD021','09','PC021','Samsung',NULL,'HD161HJ','S0V3JDPPB046','Negro','160 GB Sata',NULL,NULL,'B','alta',NULL),('DD022','09','PC022','Samsung',NULL,'HD080HJ','S08EJ1ULA215','Negro/Plom','80 GB',NULL,NULL,'B','alta',NULL),('DD023','09','PC023','HITACHI',NULL,'HDS728080PLAT20','DYRH607M','Plateado /',NULL,NULL,NULL,'B','alta',NULL),('DD024','09','PC024',NULL,NULL,NULL,'S17AJ1LS9168',NULL,'320 GB SATA',NULL,NULL,'B','alta',NULL),('DD025','09','PC025',NULL,NULL,NULL,'S17AJ1LS9168',NULL,'320 GB SATA',NULL,NULL,'B','alta',NULL),('DD026','09','PC026',NULL,NULL,NULL,'S17AJ1LS9168',NULL,'320 GB SATA',NULL,NULL,'B','alta',NULL),('DD027','09','PC027',NULL,NULL,NULL,'S17AJ1LS9168',NULL,'320 GB SATA',NULL,NULL,'B','alta',NULL),('DD028','09','PC028',NULL,NULL,NULL,'S17AJ1LS9168',NULL,'320 GB SATA',NULL,NULL,'B','alta',NULL),('DD029','09','PC029','Samsung',NULL,'HD161HJ','S0V3JDPPB046',NULL,'160 GB',NULL,NULL,'B','alta',NULL),('DD030','09','PC030','HITACHI',NULL,'HDS728080PLAT20','DYRH5JEM','Negro/ Pla','82 GB',NULL,NULL,'B','alta',NULL),('DD031','09','PC031','Samsung',NULL,'HD161 HJ','S0V3JDPPB046',NULL,'160 GB',NULL,NULL,'B','alta',NULL),('DD032','09','PC032','Hitachi',NULL,'HDS728080 PLAT20','SWUMNY8H',NULL,'80 GB',NULL,NULL,'B','alta',NULL),('DD033','09','PC033','Samsung',NULL,'HD161HJ','S0V3J9D83228',NULL,'160 GB',NULL,NULL,'B','alta',NULL),('DD034','09','PC034','SAMSUNG','SATA','HD252HJ','S17HJ90Q6061','PC 02 REDE','SATA-II / 250 GB',NULL,NULL,'R','alta',NULL),('DD035','09','PC035','Samsung',NULL,'HD161HJ','S0V3J0PPB046',NULL,'160 GB',NULL,NULL,'B','alta',NULL),('DD036','09','PC036','SAMSUNG HD252HJ',NULL,NULL,'S17HJ90Q606119','EQUIPO 03 ','SATA-II / 250 GB',NULL,NULL,'R','alta',NULL),('DD037','09','PC037','Samsung',NULL,'HD161HJ','S0V3J9BP8240',NULL,'160 GB',NULL,NULL,'B','alta',NULL),('DD038','09','PC038','SAMSUNG HD251kJ',NULL,NULL,'S0T2J9AQ4001','PC 04 REDE','SATA-II / 250 GB',NULL,NULL,'R','alta',NULL),('DD039','09','PC039','Samsung',NULL,'HD161HJ','S0V3J9AP8322',NULL,'160 GB',NULL,NULL,'B','alta',NULL),('DD040','09','PC040','SAMSUNG HD251KJ',NULL,NULL,'S0T2J9DQ400220','EQUIPO 05 ','SATA-II / 250 GB',NULL,NULL,'R','alta',NULL),('DD041','09','PC041','SEAGATE',NULL,NULL,'9VMSD54K',NULL,'320GB',NULL,NULL,'B','alta',NULL),('DD042','09','PC042','SEAGATE',NULL,NULL,'9VMSDCGM',NULL,'320GB',NULL,NULL,'B','alta',NULL),('DD043','09','PC043','SEAGATE',NULL,NULL,'W2AKDXYW',NULL,NULL,NULL,NULL,'B','alta',NULL),('DD044','09','PC044','SEAGATE',NULL,NULL,'W2AKDY4Z',NULL,NULL,NULL,NULL,'B','alta',NULL),('DD045','09','PC045','SEAGATE',NULL,NULL,'W2AKGK18',NULL,NULL,NULL,NULL,'B','alta',NULL),('DD046','09','PC046','SEAGATE',NULL,NULL,'W2AKDY2A',NULL,NULL,NULL,NULL,'B','alta',NULL),('DD047','09','PC047','SEAGATE',NULL,NULL,'Z3T7C5YZ',NULL,NULL,NULL,NULL,'B','alta',NULL),('DD048','09','PC048','SEAGATE',NULL,NULL,'Z3T7BOXB',NULL,NULL,NULL,NULL,'B','alta',NULL),('DD049','09','PC049','SEAGATE',NULL,NULL,'Z3T7DGMW',NULL,NULL,NULL,NULL,'B','alta',NULL),('DD050','09','PC050','SEAGATE',NULL,NULL,'W2AKDY2W',NULL,NULL,NULL,NULL,'B','alta',NULL),('DD051','09','PC051','SAMSUNG ','SATA',' HD502HJ',NULL,NULL,NULL,NULL,NULL,'B','alta',NULL),('DD052','09','PC052','SAMSUNG ','SATA',' HD502HJ',NULL,NULL,NULL,NULL,NULL,'B','alta',NULL),('DD053','09','PC053','SAMSUNG ','SATA',' HD502HJ',NULL,NULL,NULL,NULL,NULL,'B','alta',NULL),('DD054','09','PC054','SAMSUNG ','SATA',' HD502HJ',NULL,NULL,NULL,NULL,NULL,'B','alta',NULL),('DD055','09','PC055','SEAGATE',NULL,NULL,'W2AKDCMX',NULL,NULL,NULL,NULL,'R','alta',NULL),('DD056','09','PC056','SEAGATE',NULL,NULL,'W2AKCEWP',NULL,NULL,NULL,NULL,'R','alta',NULL),('DD057','09','PC057','SEAGATE',NULL,NULL,'W2AKCETZ',NULL,NULL,NULL,NULL,'R','alta',NULL),('DD058','09','PC058','SEAGATE',NULL,NULL,'W2AKDYIR',NULL,NULL,NULL,NULL,'R','alta',NULL),('DD059','09','PC059','SEAGATE',NULL,NULL,'W2AKCFOJ',NULL,NULL,NULL,NULL,'B','alta',NULL),('DD060','09','PC060','SEAGATE',NULL,NULL,'W2AKDCK3',NULL,NULL,NULL,NULL,'B','alta',NULL),('DD061','09','PC061','SEAGATE',NULL,NULL,'W2AKDXYZ',NULL,NULL,NULL,NULL,'B','alta',NULL),('DD062','09','PC062','SEAGATE',NULL,NULL,'W2AKDXXX',NULL,NULL,NULL,NULL,'B','alta',NULL),('DD063','09','PC063','SAMSUNG',NULL,'HD502HJ','52DDJ9BZ700498',NULL,NULL,NULL,NULL,'B','alta',NULL),('DD064','09','PC064','SAMSUNG',NULL,'HDS02HJ','S2DDJ9B2700501',NULL,NULL,NULL,NULL,'B','alta',NULL),('DD065','09','PC065','SAMSUNG',NULL,'HD502HJ','52DEDJ9BZ700497',NULL,NULL,NULL,NULL,'B','alta',NULL),('DD066','09','PC066','SAMSUNG',NULL,'HD502HJ','S2DD59BZ700493',NULL,NULL,NULL,NULL,'B','alta',NULL),('DD067','09','PC067','SAMSUNG',NULL,'HD322HJ','517AJ905898230',NULL,NULL,NULL,NULL,'R','alta',NULL),('DD068','09','PC068','SEAGATE',NULL,'GB0500EAFJH','90HCP7EG',NULL,NULL,NULL,NULL,'B','alta',NULL),('DD069','09','PC069','Maxtor / 4D040H2',NULL,NULL,'D24NML5E','40 GB','Plateado',NULL,NULL,'B','Baja',NULL),('DD070','09','PC070','Maxtor / D540X - 4K',NULL,NULL,'672209463802','40 GB','Plateado',NULL,NULL,'B','Baja',NULL),('DD071','09','PC071','Maxtor / D540X - 4D',NULL,NULL,'4D040H222051','40 GB','Plateado',NULL,NULL,'B','Baja',NULL),('DD072','09','PC072','Quantum / QML40000DL',NULL,NULL,'754036112980','40 GB','Plateado',NULL,NULL,'R','Baja',NULL),('DD073','09','PC073','Samsung / SV0412H',NULL,NULL,'0534J1KTB006','40 GB','Plateado',NULL,NULL,'M','Baja',NULL),('DD074','09','PC074','Samsung SP0411N',NULL,NULL,'S01JJ50Y1859','40 GB','Plateado',NULL,NULL,'R','Baja',NULL),('DD075','09','PC075','Quamtun',NULL,NULL,'873010736741','80 GB','Plateado',NULL,NULL,'R','Baja',NULL),('DD076','09','PC076','Quantum',NULL,NULL,'792112674777','20 GB',NULL,NULL,NULL,'M','Baja',NULL),('DD077','09','PC076','Maxtor D540X-4D',NULL,'4D040H2','D24PJNKE','40 GB','Plateado',NULL,NULL,'R','Baja',NULL),('DD078','09','PC077','Seagate / ST 34001SA',NULL,NULL,'SLA8BBQA','Negro','40 GB',NULL,NULL,'B','alta',NULL),('DD079','09','PC078','HITACHI / HD5722540V',NULL,NULL,'CARYM2D','Negro','40 GB',NULL,NULL,'B','alta',NULL),('DD080','09','PC079','Maxtor',NULL,'D 33019','F18CLDREZ999','Negro/Plat','40 GB',NULL,NULL,'B','alta',NULL),('DD081','09','PC080','Maxtor',NULL,'D33019','F17VGRAEZ999','Negro/Plat','40 GB',NULL,NULL,'B','alta',NULL),('DD082','09','PC081','Quantum',NULL,'QML20000LD-A','552114036756','Negro/Plat','20.4 GB',NULL,NULL,'B','alta',NULL),('DD083','09','PC082','Maxtor',NULL,'D33019','F18E2VFEZ999','Negro/Plat','40 GB',NULL,NULL,'B','alta',NULL),('DD084','09','PC083','Maxtor',NULL,'E-H011-02-3056','F17VWQTEZ999','Negro/Plat','40 GB',NULL,NULL,'M','alta',NULL),('DD085','09','PC084','Quantum',NULL,NULL,'353100525365','Negro/Plat','30 GB',NULL,NULL,'B','alta',NULL),('DD086','09','PC085','Quantum',NULL,NULL,'872012857343','Negro/Plat',NULL,NULL,NULL,'B','alta',NULL),('DD087','09','PC086','Maxtor',NULL,'D 33019','F17VGMVEZ999','Negro/Plat','40 GB',NULL,NULL,'B','alta',NULL),('DD088','09','PC087','Maxtor',NULL,'D 33019','F1BTXT3EZ999','Negro/Plat','40 GB',NULL,NULL,'B','alta',NULL),('DD089','09','PC088','SAMSUNG HD161HJ',NULL,NULL,'S0V3J9AQ646869','(160 GB,72',NULL,NULL,NULL,'R','alta',NULL),('DD090','09','PC089','SAMSUNG HD161HJ',NULL,NULL,'S0V3J9AQ646863','(160GB, 72',NULL,NULL,NULL,'R','alta',NULL),('DD091','09','PC090','SAMSUNG HD161HJ',NULL,NULL,'S0V3J9AQ646862','(160GB, 72',NULL,NULL,NULL,'R','alta',NULL),('DD092','09','PC091','SAMSUNG ',NULL,'HD161HJ','S0V3J9AQ646867','(160 GB,72',NULL,NULL,NULL,'R','alta',NULL),('DD093','09','PC092','SAMSUNG',NULL,'HD161HJ','SOV3J9AQ646865',NULL,NULL,NULL,NULL,NULL,'alta',NULL),('DD094','09','PC093','SAMSUNG',NULL,'HD161HJ','SOV3J9DQ646852',NULL,NULL,NULL,NULL,NULL,'alta',NULL),('DD095','09','PC094','SAMSUNG',NULL,'HD161HJ','50V3J9AQ646868',NULL,NULL,NULL,NULL,NULL,'alta',NULL),('DD096','09','PC095','SAMSUNG',NULL,'HD161HJ','SOV359AQ646853',NULL,NULL,NULL,NULL,NULL,'alta',NULL),('DD097','09','PC096','Seagate',NULL,'ST 3400 15A','5LAAWL3P','Negro/Plat','40 GB',NULL,NULL,'B','alta',NULL),('DD098','09','PC097','SEAGATE',NULL,'ST3415A','5LABJ180','Negro/Plat','40 GB',NULL,NULL,'R','alta',NULL),('DD099','09','PC098','Hitachi',NULL,'HDS722540VLAT20','CARYLKED','Negro/Plat','40 GB',NULL,NULL,'B','alta',NULL),('DD100','09','PC099','Seagate',NULL,'ST 3160811A5','SPT1DRHL',NULL,'160 GB',NULL,NULL,'B','alta',NULL),('DD101','09','PC100','Seagate',NULL,'ST 3160815AS','6RA0PKYS',NULL,'160 GB',NULL,NULL,'B','alta',NULL),('DD102','09','PC101','Hitachi',NULL,'HDS728080PLAT20','SWH2BJH','Negro/Plom','80 GB',NULL,NULL,'B','alta',NULL),('DD103','09','PC102','Hitachi',NULL,'HDS728080PLAT20','SWUH73LH','Negro/Plom','82,3 GB',NULL,NULL,'B','alta',NULL),('DD104','09','PC103','Maxtor',NULL,'D33019','F17VXPZEZ999','Negro/Plat','40 GB',NULL,NULL,'B','alta',NULL),('DD105','09','PC104','Maxtor',NULL,'E-H011-02-3056','F18E85SEZ999','Negro/Plat','40 GB',NULL,NULL,'B','alta',NULL),('DD106','09','PC105','Seagate ST 3400 15A',NULL,NULL,'5LAB7KAL','Plomo/Negr',NULL,NULL,NULL,'R','alta',NULL),('DQT001','11','PC001','No tiene',NULL,NULL,NULL,NULL,NULL,NULL,NULL,'B','alta',NULL),('DQT002','11','PC002','No tiene',NULL,NULL,NULL,NULL,NULL,NULL,NULL,'B','alta',NULL),('DQT003','11','PC003','Samsung',NULL,'SFD-321B','FBT8S1ES2048','Plomo',NULL,NULL,NULL,'B','alta',NULL),('DQT004','11','PC004','NEC',NULL,'FD1231H','JA2L68WB0245','Plomo/Negr',NULL,NULL,NULL,'B','alta',NULL),('DQT005','11','PC005','NEC',NULL,'FD1231H','JA2L68WV0250','Plomo/Negr',NULL,NULL,NULL,'B','alta',NULL),('DQT006','11','PC006','NEC',NULL,'FD1231H','JA2L68WB0252','Plomo/Negr',NULL,NULL,NULL,'B','alta',NULL),('DQT007','11','PC007','NEC',NULL,'FD1231H','JA2L68WB0249','Plomo/Negr',NULL,NULL,NULL,'B','alta',NULL),('DQT008','11','PC008','NEC',NULL,'FD1231H','JA2L68WB0247','Plomo/Negr',NULL,NULL,NULL,'B','alta',NULL),('DQT009','11','PC010','No tiene',NULL,NULL,NULL,NULL,NULL,NULL,NULL,'B','alta',NULL),('DQT010','11','PC012','No tiene',NULL,NULL,NULL,NULL,NULL,NULL,NULL,'B','alta',NULL),('DQT011','11','PC014','No tiene',NULL,NULL,NULL,NULL,NULL,NULL,NULL,'B','alta',NULL),('DQT012','11','PC016','No tiene',NULL,NULL,NULL,NULL,NULL,NULL,NULL,'B','alta',NULL),('DQT013','11','PC019','NEC',NULL,'FD1231H','JA5S2CHE1329','Blanco/Hum',NULL,NULL,NULL,'B','alta',NULL),('DQT014','11','PC021','NEC',NULL,'FD1231H','JA2L6B4C2727','Negro/Plom',NULL,NULL,NULL,'B','alta',NULL),('DQT015','11','PC022','NEC',NULL,'FD1231H','JA2L68WB0244','Negro/Plom',NULL,NULL,NULL,'B','alta',NULL),('DQT016','11','PC023','ALPS ELECTRIC',NULL,'DF354H(121F)','8R198105','Negro',NULL,NULL,NULL,'B','alta',NULL),('DQT017','11','PC024',NULL,NULL,NULL,NULL,NULL,'No tiene',NULL,NULL,'B','alta',NULL),('DQT018','11','PC025','No tiene',NULL,NULL,NULL,NULL,NULL,NULL,NULL,'B','alta',NULL),('DQT019','11','PC026','No tiene',NULL,NULL,NULL,NULL,NULL,NULL,NULL,'B','alta',NULL),('DQT020','11','PC027','No tiene',NULL,NULL,NULL,NULL,NULL,NULL,NULL,'B','alta',NULL),('DQT021','11','PC028','No tiene',NULL,NULL,NULL,NULL,NULL,NULL,NULL,'B','alta',NULL),('DQT022','11','PC029','NEC',NULL,'FD1231H','JA2L6B2C3333','Negro',NULL,NULL,NULL,'B','alta',NULL),('DQT023','11','PC030','ALPS ELECTRIC',NULL,'DF354H','8R198107','NEGRO',NULL,NULL,NULL,'B','alta',NULL),('DQT024','11','PC031','NEC',NULL,'FD1231H','JA2L6B4C2732',NULL,NULL,NULL,NULL,'B','alta',NULL),('DQT025','11','PC032','Samsung',NULL,'SFD-321B','FBT8S1ES2048','Negro/Plom',NULL,NULL,NULL,'B','alta',NULL),('DQT026','11','PC033','NEC',NULL,'FD1231H','JA2L6B4C2729',NULL,NULL,NULL,NULL,'B','alta',NULL),('DQT027','11','PC035','NEC',NULL,'FD1231H','JA2L6B2C3499',NULL,NULL,NULL,NULL,'B','alta',NULL),('DQT028','11','PC037','NEC',NULL,'FD1231H','JA2L6B4C2731','Negro',NULL,NULL,NULL,'B','alta',NULL),('DQT029','11','PC039','NEC',NULL,'FD1231H','JA2L6B4C2728','Negro',NULL,NULL,NULL,'B','alta',NULL),('DQT030','11','PC069','NEC / FD1231H',NULL,NULL,'DA5L23DC4169',NULL,'Blanco/Humo',NULL,NULL,'B','Baja',NULL),('DQT031','11','PC070','NEC / FD1231H',NULL,NULL,'DA5L238C2496',NULL,'Blanco/Humo',NULL,NULL,'B','Baja',NULL),('DQT032','11','PC071','NEC / FD1231H',NULL,NULL,'DA5L23DC4177',NULL,'Blanco/Humo',NULL,NULL,'B','Baja',NULL),('DQT033','11','PC072','NEC / FD1231H',NULL,NULL,'DA5M128L0474',NULL,'Blanco/Humo',NULL,NULL,'R','Baja',NULL),('DQT034','11','PC073','NEC / FD1231H',NULL,NULL,'JA5S2CHE1326',NULL,'Blanco/Humo',NULL,NULL,'R','Baja',NULL),('DQT035','11','PC074','NEC / FD1231H',NULL,NULL,'JA5L53WD3667',NULL,'Blanco',NULL,NULL,'R','Baja',NULL),('DQT036','11','PC075','NEC / FD1231H',NULL,NULL,'DA5L23DC4165',NULL,'Blanco/Humo',NULL,NULL,'M','Baja',NULL),('DQT037','11','PC076','Sony / MP-F17W-15',NULL,'MP-F17W-15','4-017-642-96',NULL,'Blanco/Humo',NULL,NULL,'M','Baja',NULL),('DQT038','11','PC077','Samsung / SFD-321B',NULL,NULL,'FBT5 PSIPB05','Plomo',NULL,NULL,NULL,'B','alta',NULL),('DQT039','11','PC078','NEC / FD1231H',NULL,NULL,'DA5M136B6E12','Plomo',NULL,NULL,NULL,'B','alta',NULL),('DQT040','11','PC079','NEC FD1231H',NULL,NULL,'JA5L53WD3669','Plomo',NULL,NULL,NULL,'B','alta',NULL),('DQT041','11','PC080','NEC',NULL,'FD1231H','JA5S12QA0408','Blanco/Hum',NULL,NULL,NULL,'B','alta',NULL),('DQT042','11','PC081','Samsung',NULL,'SFB-321B','P5CQ6084240','Blanco/Hum',NULL,NULL,NULL,'B','alta',NULL),('DQT043','11','PC082','NEC',NULL,'FD1231H','JA5S2CQA0412','Blanco/Hum',NULL,NULL,NULL,'B','alta',NULL),('DQT044','11','PC083','NEC',NULL,'FD1231H','DA5M149K0747','Blanco/Hum',NULL,NULL,NULL,'B','alta',NULL),('DQT045','11','PC084','NEC',NULL,'FD1231H','DA1L020B2757','Blanco/ Hu',NULL,NULL,NULL,'B','alta',NULL),('DQT046','11','PC085','NEC',NULL,'FD1231H','DA5L23DC4176','Blanco/Hum',NULL,NULL,NULL,'B','alta',NULL),('DQT047','11','PC086','NEC',NULL,'FD1231H','JA5S2CQA0405','BLANCA',NULL,NULL,NULL,'B','alta',NULL),('DQT048','11','PC087','NEC',NULL,'FD1231H','JA5S2CQA0418','Blanco/Hum',NULL,NULL,NULL,'M','alta',NULL),('DQT049','11','PC096','Samsung',NULL,'SFD-321B','FBT5P5IPB053','Blanco/Hum',NULL,NULL,NULL,'B','alta',NULL),('DQT050','11','PC097','NEC',NULL,'FD1231H','DA5L238C2499','Blanco/Hum',NULL,NULL,NULL,'B','alta',NULL),('DQT051','11','PC098','Sony',NULL,'MPF920','20887898','Blanco/Hum',NULL,NULL,NULL,'B','alta',NULL),('DQT052','11','PC099','NEC',NULL,'FD1231H','JA2L6ANE2186',NULL,NULL,NULL,NULL,'B','alta',NULL),('DQT053','11','PC100','NEC',NULL,'FD1231H','JA2L6ANE2187','NEGRA',NULL,NULL,NULL,'B','alta',NULL),('DQT054','11','PC101','Samsung',NULL,'SFD-321B','FBT8S1ES2048','Negro/Plom',NULL,NULL,NULL,'B','alta',NULL),('DQT055','11','PC102','Samsung',NULL,'SFD-321B','FBT8 S1ES204',NULL,NULL,NULL,NULL,'B','alta',NULL),('DQT056','11','PC103','NEC',NULL,'FD1231H','JA5L53WD3668','Blanco/Hum',NULL,NULL,NULL,'B','alta',NULL),('DQT057','11','PC104','NEC',NULL,'FD1231H','JA5S2CQA0406','Plomo',NULL,NULL,NULL,'B','alta',NULL),('DQT058','11','PC105','NEC',NULL,'FD1231H','JA5L53WD3676','Plomo',NULL,NULL,NULL,'R','alta',NULL),('EST001','15','PC042','FORZA',NULL,'FVR-1221B','10401861674','8 SALIDAS',NULL,NULL,NULL,'B','alta',NULL),('EST002','15','PC043','FORZA',NULL,NULL,'12283988152',NULL,NULL,NULL,NULL,'B','alta',NULL),('EST003','15','PC044','FORZA',NULL,NULL,'12283992199',NULL,NULL,NULL,NULL,'B','alta',NULL),('EST004','15','PC045','FORZA',NULL,NULL,'12283988150',NULL,NULL,NULL,NULL,'B','alta',NULL),('EST005','15','PC075','GENIUS',NULL,'NetScroll 120','X55979701244',NULL,'NEGRO',NULL,NULL,NULL,'Baja',NULL),('EST006','15','PC046','FORZA',NULL,NULL,'12283988151',NULL,NULL,NULL,NULL,'B','alta',NULL),('EST007','15','PC047','FORZA',NULL,NULL,'12283992200',NULL,NULL,NULL,NULL,'B','alta',NULL),('EST008','15','PC048','FORZA',NULL,NULL,'12283992196',NULL,NULL,NULL,NULL,'B','alta',NULL),('EST009','15','PC049','FORZA',NULL,NULL,'12283988148',NULL,NULL,NULL,NULL,'B','alta',NULL),('EST010','15','PC050','FORZA',NULL,NULL,'12283988146',NULL,NULL,NULL,NULL,'B','alta',NULL),('EST011','15','PC041','FORZA',NULL,'FVR-1221B','10401861673','8 SALIDAS',NULL,NULL,NULL,'B','alta',NULL),('FUE001','02','PC001','SHALOM',NULL,'ATX 550W','CR09040447',NULL,NULL,NULL,NULL,'B','alta',NULL),('FUE002','02','PC002','SHALOM',NULL,'ATX 550W','CR09040445',NULL,NULL,NULL,NULL,'B','alta',NULL),('FUE003','02','PC003','ILLUSION GOLDEN POWE',NULL,'PSP 4500','CE002060501','PLOMO',NULL,NULL,NULL,'R','alta',NULL),('FUE004','02','PC004','HALION',NULL,'P4-500W','61398138','PLOMO',NULL,NULL,NULL,'R','alta',NULL),('FUE005','02','PC005','HALION',NULL,'P4-500W','61397908',NULL,NULL,NULL,NULL,'R','alta',NULL),('FUE006','02','PC006','HALION',NULL,'P4-500W','61398043','PLOMO',NULL,NULL,NULL,'R','alta',NULL),('FUE007','02','PC007','HALION',NULL,'P4-500W','61396999','PLOMO',NULL,NULL,NULL,'R','alta',NULL),('FUE008','02','PC008','HALION',NULL,'P4-500W','61398067','PLOMO',NULL,NULL,NULL,'R','alta',NULL),('FUE009','02','PC009','AVATEC',NULL,'PSA-F580W',NULL,NULL,NULL,NULL,NULL,'B','alta',NULL),('FUE010','02','PC010','SHALOM',NULL,'ATX 550W','CR09040450',NULL,NULL,NULL,NULL,'B','alta',NULL),('FUE011','02','PC011','AVATEC',NULL,'PSA-F580W',NULL,NULL,NULL,NULL,NULL,'B','alta',NULL),('FUE012','02','PC012','SHALOM',NULL,'ATX 550W','CR09040446',NULL,NULL,NULL,NULL,'B','alta',NULL),('FUE013','02','PC013','CIBERTEL',NULL,'5X200W/500',NULL,NULL,NULL,NULL,NULL,'R','alta',NULL),('FUE014','02','PC014','SHALOM',NULL,'ATX 550W','CR09040448',NULL,NULL,NULL,NULL,'B','alta',NULL),('FUE015','02','PC015','CYBERTEL',NULL,'SX200W/500',NULL,NULL,NULL,NULL,NULL,'R','alta',NULL),('FUE016','02','PC016','SHALOM',NULL,'ATX 550W','CR09040441',NULL,NULL,NULL,NULL,'B','alta',NULL),('FUE017','02','PC017','CYBERTEL',NULL,'SX200W/500',NULL,NULL,NULL,NULL,NULL,'R','alta',NULL),('FUE018','02','PC018','CYBERTEL',NULL,NULL,NULL,NULL,NULL,NULL,NULL,'R','alta',NULL),('FUE019','02','PC019','DELUXE',NULL,'ATX 803','GF03521','PLOMO',NULL,NULL,NULL,'B','alta',NULL),('FUE020','02','PC021','ILLUSION',NULL,'PSP 4550','PSP 4550600W','Plomo','600W',NULL,NULL,'B','alta',NULL),('FUE021','02','PC022','HALION',NULL,'P4-500W','61397960',NULL,NULL,NULL,NULL,'B','alta',NULL),('FUE022','02','PC023','ILLUSION',NULL,'PSP4500','CE002060501','PLOMO',NULL,NULL,NULL,'B','alta',NULL),('FUE023','02','PC024','AVATEC',NULL,NULL,NULL,NULL,NULL,NULL,NULL,'B','alta',NULL),('FUE024','02','PC025','AVATEC',NULL,NULL,NULL,NULL,NULL,NULL,NULL,'B','alta',NULL),('FUE025','02','PC026','AVATEC',NULL,NULL,NULL,NULL,NULL,NULL,NULL,'B','alta',NULL),('FUE026','02','PC027','AVATEC',NULL,NULL,NULL,NULL,NULL,NULL,NULL,'B','alta',NULL),('FUE027','02','PC028','AVATEC',NULL,NULL,NULL,NULL,NULL,NULL,NULL,'B','alta',NULL),('FUE028','02','PC029','ILLUSION',NULL,'PSP4550','PSP4550600W0','PLOMO',NULL,NULL,NULL,'B','alta',NULL),('FUE029','02','PC030','ILLISION',NULL,'PSP 4500','CE002060501',NULL,NULL,NULL,NULL,'R','alta',NULL),('FUE030','02','PC031','ILLUSION',NULL,'PSP4550','PSP4550600W0',NULL,NULL,NULL,NULL,'R','alta',NULL),('FUE031','02','PC032','ILLUSION',NULL,'PSP4500','CE0020605\'01','PLOMO',NULL,NULL,NULL,'B','alta',NULL),('FUE032','02','PC033','ILLUSION',NULL,'PSP4550','PSP4550600W0',NULL,NULL,NULL,NULL,'R','alta',NULL),('FUE033','02','PC035','ILLUSION',NULL,'PSP4550','PSP4550600W0',NULL,NULL,NULL,NULL,'R','alta',NULL),('FUE034','02','PC037','ILLUSION',NULL,'PSP4550','PSP4550600W0',NULL,NULL,NULL,NULL,'B','alta',NULL),('FUE035','02','PC039','ILLUSION',NULL,'PSPS4500','PSP4550600W0',NULL,NULL,NULL,NULL,'R','alta',NULL),('FUE036','02','PC041','CIBERLINK',NULL,NULL,'13100726003548',NULL,NULL,NULL,NULL,'R','alta',NULL),('FUE037','02','PC042','CIBERLINK',NULL,NULL,'13100726003873',NULL,NULL,NULL,NULL,'B','alta',NULL),('FUE038','02','PC051','AVATEC',NULL,'PSA-F580WC',NULL,NULL,NULL,NULL,NULL,'B','alta',NULL),('FUE039','02','PC052','AVATEC',NULL,'PSA-F580WC',NULL,NULL,NULL,NULL,NULL,'B','alta',NULL),('FUE040','02','PC053','AVATEC',NULL,'PSA-F580WC',NULL,NULL,NULL,NULL,NULL,'B','alta',NULL),('FUE041','02','PC054','AVATEC',NULL,'PSA-F580WC',NULL,NULL,NULL,NULL,NULL,'B','alta',NULL),('FUE042','02','PC063','AVATEC',NULL,'PSA-KS80W','KS100602684',NULL,NULL,NULL,NULL,'B','alta',NULL),('FUE043','02','PC064','AVATEC',NULL,'PSD-K580W',NULL,NULL,NULL,NULL,NULL,'B','alta',NULL),('FUE044','02','PC065','AVATEC',NULL,'PSA-K580W','KS100602614',NULL,NULL,NULL,NULL,'B','alta',NULL),('FUE045','02','PC066','PSA-K580W',NULL,NULL,NULL,NULL,NULL,NULL,NULL,'B','alta',NULL),('FUE046','02','PC067','CIBERTEL',NULL,'5X200W/500',NULL,NULL,NULL,NULL,NULL,'R','alta',NULL),('FUE047','02','PC068','HP',NULL,NULL,NULL,NULL,NULL,NULL,NULL,'B','alta',NULL),('FUE048','02','PC079','CYBERTEL',NULL,'LC B350ATX','O30475209','PLOMO',NULL,NULL,NULL,'R','alta',NULL),('FUE049','02','PC080','DELUXE',NULL,'ATX-803','GF03521','PLOMO',NULL,NULL,NULL,'R','alta',NULL),('FUE050','02','PC081','SIN MARCA',NULL,NULL,'(21)P1475012','PLOMO',NULL,NULL,NULL,'R','alta',NULL),('FUE051','02','PC082','CYBERTEL',NULL,'LCB350ATX','3045224','PLOMO',NULL,NULL,NULL,'R','alta',NULL),('FUE052','02','PC083','CYBERTEL',NULL,'LC-B350ATX','O3047817','PLATEADO',NULL,NULL,NULL,'B','alta',NULL),('FUE053','02','PC084','MICRONICS',NULL,'ATX-300W',NULL,'PLOMO',NULL,NULL,NULL,'R','alta',NULL),('FUE054','02','PC085','DELUXE',NULL,'ATX 803','GF03521','PLOMO','500 W',NULL,NULL,'R','alta',NULL),('FUE055','02','PC086','CYBERLINK',NULL,'LC-9350ATX',NULL,'PLOMO',NULL,NULL,NULL,'B','alta',NULL),('FUE056','02','PC087','DELUXE',NULL,'ATX-803','GF03521','PLOMO',NULL,NULL,NULL,'R','alta',NULL),('FUE057','02','PC088','AVATEC',NULL,NULL,'PSA-H580',NULL,NULL,NULL,NULL,'R','alta',NULL),('FUE058','02','PC089','AVATEC',NULL,'KS-580WB&P4',NULL,NULL,NULL,NULL,NULL,'R','alta',NULL),('FUE059','02','PC090','AVATEC',NULL,NULL,NULL,NULL,NULL,NULL,NULL,'R','alta',NULL),('FUE060','02','PC091','AVATEC',NULL,NULL,NULL,NULL,NULL,NULL,NULL,'R','alta',NULL),('FUE061','02','PC092','AVATEC',NULL,'KS-580WB&P4',NULL,NULL,NULL,NULL,NULL,NULL,'alta',NULL),('FUE062','02','PC093','AVATEC',NULL,'K5580WB&P4',NULL,NULL,NULL,NULL,NULL,NULL,'alta',NULL),('FUE063','02','PC094','AVATEC',NULL,'PSA-H580','090525H001597',NULL,NULL,NULL,NULL,NULL,'alta',NULL),('FUE064','02','PC095','AVATEC',NULL,'KS-580WB&P4',NULL,NULL,NULL,NULL,NULL,NULL,'alta',NULL),('FUE065','02','PC096','MICRONICS',NULL,'ATX-400W P4',NULL,'PLOMO',NULL,NULL,NULL,'R','alta',NULL),('FUE066','02','PC097','DELUXE',NULL,'ATX-803','GF03521','PLOMO',NULL,NULL,NULL,'B','alta',NULL),('FUE067','02','PC098','DELUXE',NULL,'PP280MAA','DACA50201061','PLOMO',NULL,NULL,NULL,'B','alta',NULL),('FUE068','02','PC099','AVATEC',NULL,'ATX-803','GF03521',NULL,NULL,NULL,NULL,'B','alta',NULL),('FUE069','02','PC100','AVATEC',NULL,'ATX-803','GF03521','PLOMO',NULL,NULL,NULL,'B','alta',NULL),('FUE070','02','PC101','AVATEC',NULL,'ATX-803','GF03521',NULL,NULL,NULL,NULL,'B','alta',NULL),('FUE071','02','PC102','ILLUSION',NULL,'PSP 4500 (580Watt)','CE002060501','PLOMO',NULL,NULL,NULL,'R','alta',NULL),('FUE072','02','PC103','CYBERTEL',NULL,'LCB350ATX','40258720','PLOMO',NULL,NULL,NULL,'B','alta',NULL),('FUE073','02','PC104','CYBERTEL',NULL,'LC-B450E',NULL,'PLOMO',NULL,NULL,NULL,'B','alta',NULL),('FUE074','02','PC105','MICRONICS',NULL,'ATX-400W P4','JY/1049043',NULL,NULL,NULL,NULL,'R','alta',NULL),('LQ001','10','PC043','LG',NULL,NULL,'208HCFT005779',NULL,NULL,NULL,NULL,'B','alta',NULL),('LQ002','10','PC044','LG',NULL,NULL,'208HBQZ298468',NULL,NULL,NULL,NULL,'B','alta',NULL),('LQ003','10','PC045','LG',NULL,NULL,'208HBBJ301965',NULL,NULL,NULL,NULL,'B','alta',NULL),('LQ004','10','PC046','LG',NULL,NULL,'208HBFR301963',NULL,NULL,NULL,NULL,'B','alta',NULL),('LQ005','10','PC047','LG',NULL,NULL,'208HCUK005774',NULL,NULL,NULL,NULL,'B','alta',NULL),('LQ006','10','PC048','LG',NULL,NULL,'208HBUFO27686',NULL,NULL,NULL,NULL,'B','alta',NULL),('LQ007','10','PC049','LG',NULL,NULL,'208HBNWO27687',NULL,NULL,NULL,NULL,'B','alta',NULL),('LQ008','10','PC050','LG',NULL,NULL,'208HBCT298467',NULL,NULL,NULL,NULL,'B','alta',NULL),('LQ009','10','PC003','Lectora  LG',NULL,'GCR-8525B','502HMUS129278','Plomo',NULL,NULL,NULL,'B','alta',NULL),('LQ010','10','PC076','Lectora LG',NULL,'GCR-8525B','507HMQF16415',NULL,'Blanco/Humo',NULL,NULL,'R','Baja',NULL),('LQ011','10','PC001','LG',NULL,'GH22NS30','903HDEZ16404',NULL,'DVD WRITE SATA 22X',NULL,NULL,'B','alta',NULL),('LQ012','10','PC002','LG',NULL,'GH22NS30','903HDTC164041',NULL,'DVD WRITE SATA 22X',NULL,NULL,'B','alta',NULL),('LQ013','10','PC004','Lectora DVD LG',NULL,'GDR-8164B','611HTSC140342','Plomo/Negr',NULL,NULL,NULL,'B','alta',NULL),('LQ014','10','PC005','Lectora DVD LG',NULL,'GDR-8164B','611HTKY14032','Plomo/Negr',NULL,NULL,NULL,'B','alta',NULL),('LQ015','10','PC006','Lectora DVD LG',NULL,'GDR-8164B','611HTGM140343','Plomo/Negr',NULL,NULL,NULL,'B','alta',NULL),('LQ016','10','PC007','Lectora DVD LG',NULL,'GDR-8164B','611HTZS14034','Plomo/Negr',NULL,NULL,NULL,'B','alta',NULL),('LQ017','10','PC008','Lectora DVD LG',NULL,'GDR-8164B','611HTEU140324','Plomo/Negr',NULL,NULL,NULL,'B','alta',NULL),('LQ018','10','PC009','LG',NULL,'GH22LS50','908HARD051','NEGRO','SATA',NULL,NULL,'B','alta',NULL),('LQ019','10','PC010','LG',NULL,'GH22NS30','903HDCR19307',NULL,'DVD WRITE SATA 22X',NULL,NULL,'B','alta',NULL),('LQ020','10','PC011','LG',NULL,'GH22LS50',NULL,'NEGRO',NULL,NULL,NULL,'R','alta',NULL),('LQ021','10','PC012','LG',NULL,'GH22NS30','903HDHB16396',NULL,'DVD WRITE SATA 22X',NULL,NULL,'B','alta',NULL),('LQ022','10','PC013','No tiene',NULL,NULL,NULL,NULL,NULL,NULL,NULL,'R','alta',NULL),('LQ023','10','PC014','LG',NULL,'GH22NS30','903HDGL16396',NULL,'DVD WRITE SATA 22X',NULL,NULL,'B','alta',NULL),('LQ024','10','PC015',NULL,NULL,NULL,NULL,NULL,NULL,NULL,NULL,'R','alta',NULL),('LQ025','10','PC016','LG',NULL,'GH22NS30','903HDCR16396',NULL,'DVD WRITE SATA 22X',NULL,NULL,'B','alta',NULL),('LQ026','10','PC017','No tiene',NULL,NULL,NULL,NULL,NULL,NULL,NULL,'R','alta',NULL),('LQ027','10','PC018',NULL,NULL,NULL,NULL,NULL,NULL,NULL,NULL,'R','alta',NULL),('LQ028','10','PC019','No tiene',NULL,NULL,NULL,NULL,NULL,NULL,NULL,'B','alta',NULL),('LQ029','10','PC021','No tiene',NULL,NULL,NULL,NULL,NULL,NULL,NULL,'B','alta',NULL),('LQ030','10','PC022','Lectora LG DVD',NULL,'GDR-8164B','611HTLT14034','Negro/Plom',NULL,NULL,NULL,'B','alta',NULL),('LQ031','10','PC023','No tiene',NULL,NULL,NULL,NULL,NULL,NULL,NULL,'R','alta',NULL),('LQ032','10','PC024',NULL,NULL,NULL,'908HAJT05165',NULL,'DVD',NULL,NULL,'B','alta',NULL),('LQ033','10','PC025',NULL,NULL,NULL,'908HAPU05165',NULL,'DVD',NULL,NULL,'B','alta',NULL),('LQ034','10','PC026',NULL,NULL,NULL,'908HAHY05165',NULL,'DVD',NULL,NULL,'B','alta',NULL),('LQ035','10','PC027',NULL,NULL,NULL,'908HACQ05165',NULL,'DVD',NULL,NULL,'B','alta',NULL),('LQ036','10','PC028',NULL,NULL,NULL,'908HAVN05165',NULL,'DVD',NULL,NULL,'B','alta',NULL),('LQ037','10','PC029','No tiene',NULL,NULL,NULL,NULL,NULL,NULL,NULL,'R','alta',NULL),('LQ038','10','PC030','No tiene',NULL,NULL,NULL,'Blanco/ Hu',NULL,NULL,NULL,'B','alta',NULL),('LQ039','10','PC031','No tiene',NULL,NULL,NULL,NULL,NULL,NULL,NULL,'B','alta',NULL),('LQ040','10','PC032','No tiene',NULL,NULL,NULL,NULL,NULL,NULL,NULL,'R','alta',NULL),('LQ041','10','PC033','No tiene',NULL,NULL,NULL,NULL,NULL,NULL,NULL,'R','alta',NULL),('LQ042','10','PC035','No tiene',NULL,NULL,NULL,NULL,NULL,NULL,NULL,'B','alta',NULL),('LQ043','10','PC036','No tiene',NULL,NULL,NULL,NULL,NULL,NULL,NULL,'R','alta',NULL),('LQ044','10','PC037','No tiene',NULL,NULL,NULL,NULL,NULL,NULL,NULL,'B','alta',NULL),('LQ045','10','PC038','No tiene',NULL,NULL,NULL,NULL,NULL,NULL,NULL,'R','alta',NULL),('LQ046','10','PC039','No tiene',NULL,NULL,NULL,NULL,NULL,NULL,NULL,'B','alta',NULL),('LQ047','10','PC040','No tiene',NULL,NULL,NULL,NULL,NULL,NULL,NULL,'R','alta',NULL),('LQ048','10','PC041','DVD LG',NULL,'GH22NP21','010HWVZ020975',NULL,NULL,NULL,NULL,'B','alta',NULL),('LQ049','10','PC042','DVD LG',NULL,'GH22NP21','010HWYU032498',NULL,NULL,NULL,NULL,'B','alta',NULL),('LQ050','10','PC051','HL-DT-ST DVDRAM ',NULL,'GH22NS50',NULL,NULL,NULL,NULL,NULL,'B','alta',NULL),('LQ051','10','PC052','HL-DT-ST DVDRAM ',NULL,'GH22NS50',NULL,NULL,NULL,NULL,NULL,'B','alta',NULL),('LQ052','10','PC053','HL-DT-ST DVDRAM ',NULL,'GH22NS50',NULL,NULL,NULL,NULL,NULL,'B','alta',NULL),('LQ053','10','PC054','HL-DT-ST DVDRAM ',NULL,'GH22NS50',NULL,NULL,NULL,NULL,NULL,'B','alta',NULL),('LQ054','10','PC063','LG',NULL,'GH22N550','004LB5K249078',NULL,NULL,NULL,NULL,'B','alta',NULL),('LQ055','10','PC064','LG',NULL,'GH22N550','002HFDY343530',NULL,NULL,NULL,NULL,'B','alta',NULL),('LQ056','10','PC065','LG',NULL,'GH22N550','DO4NBUN252350',NULL,NULL,NULL,NULL,'B','alta',NULL),('LQ057','10','PC066','LG',NULL,'6H22N550','004LBQA252676',NULL,NULL,NULL,NULL,'B','alta',NULL),('LQ058','10','PC067','No tiene',NULL,NULL,NULL,NULL,NULL,NULL,NULL,'R','alta',NULL),('LQ059','10','PC068','HP',NULL,'PN410125-2','447464-001',NULL,NULL,NULL,NULL,'B','alta',NULL),('LQ060','10','PC069','Lectora CD LG / GCR ',NULL,NULL,'5O3HMAM25228',NULL,'Blanco/Humo',NULL,NULL,'B','Baja',NULL),('LQ061','10','PC070','Lectora CD LG / GCR ',NULL,NULL,'507HMSH16415',NULL,'Blanco/Humo',NULL,NULL,'B','Baja',NULL),('LQ062','10','PC071','Lectora LG / GCR - 8',NULL,NULL,'505HMCP21696',NULL,'Blanco/Humo',NULL,NULL,'B','Baja',NULL),('LQ063','10','PC072','Lectora LG / GCR - 8',NULL,NULL,'507HMSH16411',NULL,'Blanco/Humo',NULL,NULL,'R','Baja',NULL),('LQ064','10','PC073','No tiene',NULL,NULL,'S/S N',NULL,NULL,NULL,NULL,'R','Baja',NULL),('LQ065','10','PC074','Lectora LG / GCR - 8',NULL,NULL,'SO3HMAM25228',NULL,'Blanco/Humo',NULL,NULL,'R','Baja',NULL),('LQ066','10','PC075','No tiene',NULL,NULL,'S/S N',NULL,NULL,NULL,NULL,'R','Baja',NULL),('LQ067','10','PC076','Lectora Samsung / SB',NULL,'SH-152','6RAX 906708N','cambio Pc ','Blanco/Humo',NULL,NULL,'R','Baja',NULL),('LQ068','10','PC077','Quemadora DVD LG / 6',NULL,NULL,'611HDJX07166','Negro',NULL,NULL,NULL,'B','alta',NULL),('LQ069','10','PC078','Lectora DVD LG / GDR',NULL,NULL,'509HKXDO7692','Plomo',NULL,NULL,NULL,'B','alta',NULL),('LQ070','10','PC079','Lectora LG',NULL,'GCR-8525B','505HMJN21695','Plomo',NULL,NULL,NULL,'B','alta',NULL),('LQ071','10','PC080','Lectora LG / GCR - 8',NULL,NULL,'502HMNC12927','Blanco/Hum',NULL,NULL,NULL,'B','alta',NULL),('LQ072','10','PC081','Lectora CD Samsung',NULL,'SH-152','6RAX906709E','Blanco/Hum',NULL,NULL,NULL,'B','alta',NULL),('LQ073','10','PC082','Lectora LG',NULL,'GCR 8525B','505HMBU21366','Blanco/Hum',NULL,NULL,NULL,'B','alta',NULL),('LQ074','10','PC083','Lectora CD LG',NULL,'GCR 8525B','502HMTR12927','Blanco/Hum',NULL,NULL,NULL,'B','alta',NULL),('LQ075','10','PC084','No tiene',NULL,NULL,NULL,NULL,NULL,NULL,NULL,'B','alta',NULL),('LQ076','10','PC085','No tiene',NULL,NULL,NULL,NULL,NULL,NULL,NULL,'B','alta',NULL),('LQ077','10','PC086','NO TIENE',NULL,NULL,NULL,NULL,NULL,NULL,NULL,'R','alta',NULL),('LQ078','10','PC087','No tiene',NULL,NULL,NULL,NULL,NULL,NULL,NULL,'M','alta',NULL),('LQ079','10','PC088','LG DVD-RAM GH22NS30',NULL,NULL,'809HBDQ011226','HL-DT-ST D',NULL,NULL,NULL,'R','alta',NULL),('LQ080','10','PC089','LG DVD-RAM GH22NS30',NULL,NULL,'809HBTE011225','HL-DT-ST D',NULL,NULL,NULL,'R','alta',NULL),('LQ081','10','PC090','LG DVD-RAM GH22NS30',NULL,NULL,'809HBGU011223','HL-DT-ST D',NULL,NULL,NULL,'R','alta',NULL),('LQ082','10','PC091','LG DVD-RAM ',NULL,'GH22NS30','809HBSN011222','HL-DT-ST D',NULL,NULL,NULL,'R','alta',NULL),('LQ083','10','PC092','LG',NULL,'GH22N530','809HBZD011221',NULL,NULL,NULL,NULL,NULL,'alta',NULL),('LQ084','10','PC093','LG',NULL,'GH22N530','809HBMV011227',NULL,NULL,NULL,NULL,NULL,'alta',NULL),('LQ085','10','PC094','LG',NULL,'GH22NS30','808LBKD334501',NULL,NULL,NULL,NULL,NULL,'alta',NULL),('LQ086','10','PC095','LG',NULL,'6H22NS30','809HBLI011224',NULL,NULL,NULL,NULL,NULL,'alta',NULL),('LQ087','10','PC096','LG',NULL,'GCR-8525B','504HMHV18172',NULL,NULL,NULL,NULL,'R','alta',NULL),('LQ088','10','PC097','NO TIENE',NULL,NULL,NULL,NULL,NULL,NULL,NULL,'R','alta',NULL),('LQ089','10','PC098','LECTORA LG',NULL,'GCR-8525B','507HMZW16415','BLANCO',NULL,NULL,NULL,'B','alta',NULL),('LQ090','10','PC099','LECTORA DVD LG',NULL,'GSA-H55N','705HBVL16230','Negro',NULL,NULL,NULL,'B','alta',NULL),('LQ091','10','PC100','Lectora DVD LG',NULL,'GSA-H55N','705HBHC16230','NEGRA',NULL,NULL,NULL,'B','alta',NULL),('LQ092','10','PC101','No tiene',NULL,NULL,NULL,NULL,NULL,NULL,NULL,'B','alta',NULL),('LQ093','10','PC102','No tiene',NULL,NULL,NULL,NULL,NULL,NULL,NULL,'B','alta',NULL),('LQ094','10','PC103','Lectora LG',NULL,'GCR - 8525B','506HMHV26698','Negro',NULL,NULL,NULL,'B','alta',NULL),('LQ095','10','PC104','Lectora CD LG',NULL,'GCR-8525B','505HMNC21695','Blanco/Hum',NULL,NULL,NULL,'B','alta',NULL),('LQ096','10','PC105','Lectora LG',NULL,'GCR-8525B','505HMGB22491','Plomo',NULL,NULL,NULL,'R','alta',NULL),('MIC001','04','PC001','AMD',NULL,'PHENOM 9650+','981745BI8094',NULL,'X4 2.3GHZ L2 512x4',NULL,NULL,'B','alta',NULL),('MIC002','04','PC002','AMD',NULL,'PHENOM 9650+','981743BI80042',NULL,'X4 2.3GHZ L2 512x4',NULL,NULL,'B','alta',NULL),('MIC003','04','PC003','AMD SEMPTRON / PIV',NULL,NULL,'SDA2800AI03BX',NULL,'1,6 Ghz',NULL,NULL,'B','alta',NULL),('MIC004','04','PC004','AMD',NULL,'ATHLON II','9A72555J9112','Verde','2.8 Ghz',NULL,NULL,'B','alta',NULL),('MIC005','04','PC005','AMD SEMPRON / PIV',NULL,NULL,'5DA3000AI02B','Verde','1,8 Ghz',NULL,NULL,'B','alta',NULL),('MIC006','04','PC006','AMD',NULL,'ATHLON II','9A72504J91495','Verde','2.8 Ghz',NULL,NULL,'B','alta',NULL),('MIC007','04','PC007','AMD SEMPRON / PIV',NULL,NULL,NULL,NULL,'1,8 Ghz',NULL,NULL,'B','alta',NULL),('MIC008','04','PC008','AMD',NULL,'ATHLON II','9A72504J9008','Verde','2.8 Ghz',NULL,NULL,'B','alta',NULL),('MIC009','04','PC009','INTEL CORE 2 DUO',NULL,NULL,'3919A496',NULL,NULL,NULL,NULL,'B','alta',NULL),('MIC010','04','PC010','AMD',NULL,'PHENOM 9650+','981745BI8056',NULL,'X4 2.3GHZ L2 512x4',NULL,NULL,'B','alta',NULL),('MIC011','04','PC011','INTEL CORE 2 DUO',NULL,NULL,NULL,NULL,'512 MB',NULL,NULL,'B','alta',NULL),('MIC012','04','PC012','AMD',NULL,'PHENOM 9650+','981745BI8106',NULL,'X4 2.3GHZ L2 512x4',NULL,NULL,'B','alta',NULL),('MIC013','04','PC013','AMD',NULL,NULL,NULL,NULL,NULL,NULL,NULL,'R','alta',NULL),('MIC014','04','PC014','AMD',NULL,'PHENOM 9650+','981745BI8055',NULL,'X4 2.3GHZ L2 512x4',NULL,NULL,'B','alta',NULL),('MIC015','04','PC015','AMD',NULL,NULL,NULL,NULL,NULL,NULL,NULL,'R','alta',NULL),('MIC016','04','PC016','AMD',NULL,'PHENOM 9650+','981745BI8005',NULL,'X4 2.3GHZ L2 512x4',NULL,NULL,'B','alta',NULL),('MIC017','04','PC017','AMD',NULL,NULL,NULL,NULL,NULL,NULL,NULL,'R','alta',NULL),('MIC018','04','PC018','AMD',NULL,NULL,NULL,NULL,NULL,NULL,NULL,'R','alta',NULL),('MIC019','04','PC019','AMD',NULL,'ATHLON II','9A72504J9057','Verde','2,8 Ghz',NULL,NULL,'B','alta',NULL),('MIC020','04','PC020','AMD',NULL,NULL,NULL,NULL,NULL,NULL,NULL,'R','alta',NULL),('MIC021','04','PC021','Dual Core Intel ¸ Pe',NULL,NULL,NULL,NULL,'1,8 Ghz',NULL,NULL,'B','alta',NULL),('MIC022','04','PC022','AMD',NULL,'ATHLON II','9A72504J9061','Verde','2,8 Ghz',NULL,NULL,'B','alta',NULL),('MIC023','04','PC023','AMD ATHLON',NULL,NULL,NULL,NULL,'1,8 Ghz',NULL,NULL,'B','alta',NULL),('MIC024','04','PC024','AMD',NULL,'PHENOM II','9615809G9021',NULL,'3.00 GHZ',NULL,NULL,'B','alta',NULL),('MIC025','04','PC025','AMD',NULL,'PHENOM II','9615809G9011',NULL,'3.00 GHZ',NULL,NULL,'B','alta',NULL),('MIC026','04','PC026','AMD',NULL,'PHENOM II','9615809G9000',NULL,'3.00 GHZ',NULL,NULL,'B','alta',NULL),('MIC027','04','PC027','AMD',NULL,'PHENOM II','9615809G9002',NULL,'3.00 GHZ',NULL,NULL,'B','alta',NULL),('MIC028','04','PC028','AMD',NULL,'PHENOM II','9615809G9000',NULL,'3.00 GHZ',NULL,NULL,'B','alta',NULL),('MIC029','04','PC029','Dual Core Intel Pent',NULL,NULL,'000006FDh',NULL,'1,8 Ghz',NULL,NULL,'B','alta',NULL),('MIC030','04','PC030','AMD',NULL,NULL,NULL,NULL,NULL,NULL,NULL,'B','alta',NULL),('MIC031','04','PC031','Dual Core Intel Pent',NULL,NULL,'000006FDh',NULL,'1,8 Ghz',NULL,NULL,'B','alta',NULL),('MIC032','04','PC032','AMD SEMPRON',NULL,NULL,'XD27739D6215',NULL,'2,8 Ghz',NULL,NULL,'B','alta',NULL),('MIC033','04','PC033','Dual Core Genuine In',NULL,NULL,'000006FDh',NULL,'1,8 Ghz',NULL,NULL,'B','alta',NULL),('MIC034','04','PC034','DualCore AMD Athlon ',NULL,NULL,NULL,NULL,'2600 MHz (13 x 200) 5000+',NULL,NULL,'R','alta',NULL),('MIC035','04','PC035','Dual Core Genuine In',NULL,NULL,'000006FDh',NULL,'1,8 Ghz',NULL,NULL,'B','alta',NULL),('MIC036','04','PC036','DualCore AMD Athlon ',NULL,NULL,NULL,NULL,'2600 MHz (13 x 200) 5000+',NULL,NULL,'R','alta',NULL),('MIC037','04','PC037','Dual Core Genuine In',NULL,NULL,'000006FDh',NULL,NULL,NULL,NULL,'B','alta',NULL),('MIC038','04','PC038','DualCore AMD Athlon ',NULL,NULL,NULL,NULL,'2600 MHz (13 x 200) 5000+',NULL,NULL,'R','alta',NULL),('MIC039','04','PC039','Intel ¸ Dual CPU E21',NULL,NULL,NULL,NULL,'1,8 Ghz',NULL,NULL,'B','alta',NULL),('MIC040','04','PC040','DualCore AMD Athlon ',NULL,NULL,NULL,NULL,'2600 MHz (13 x 200) 5000+',NULL,NULL,'R','alta',NULL),('MIC041','04','PC041','AMD',NULL,'PHENOM II X2',NULL,NULL,'3,2 Ghz',NULL,NULL,'B','alta',NULL),('MIC042','04','PC042','AMD',NULL,'PHENOM II X2',NULL,NULL,'3,2 Ghz',NULL,NULL,'B','alta',NULL),('MIC043','04','PC043','INTEL ',NULL,'CORE I5','2R220492A2032',NULL,NULL,NULL,NULL,'B','alta',NULL),('MIC044','04','PC044','INTEL ',NULL,'CORE I5','2R220492A1909',NULL,NULL,NULL,NULL,'B','alta',NULL),('MIC045','04','PC045','INTEL ',NULL,'CORE I5','MC234290A0277',NULL,NULL,NULL,NULL,'B','alta',NULL),('MIC046','04','PC046','INTEL ',NULL,'CORE I5','2R221131A0478',NULL,NULL,NULL,NULL,'B','alta',NULL),('MIC047','04','PC047','INTEL ',NULL,'CORE I5','2R221119A1444',NULL,NULL,NULL,NULL,'B','alta',NULL),('MIC048','04','PC048','INTEL ',NULL,'CORE I5','2V226093A2155',NULL,NULL,NULL,NULL,'B','alta',NULL),('MIC049','04','PC049','INTEL ',NULL,'CORE I5','2V226091A3041',NULL,NULL,NULL,NULL,'B','alta',NULL),('MIC050','04','PC050','INTEL ',NULL,'CORE I5','2V226091A1123',NULL,NULL,NULL,NULL,'B','alta',NULL),('MIC051','04','PC051','AMD',NULL,'Phenom(tm) II X2',NULL,NULL,NULL,NULL,NULL,'B','alta',NULL),('MIC052','04','PC052','AMD',NULL,'Phenom(tm) II X2',NULL,NULL,NULL,NULL,NULL,'B','alta',NULL),('MIC053','04','PC053','AMD',NULL,'Phenom(tm) II X2',NULL,NULL,NULL,NULL,NULL,'B','alta',NULL),('MIC054','04','PC054','AMD',NULL,'Phenom(tm) II X2',NULL,NULL,NULL,NULL,NULL,'B','alta',NULL),('MIC055','04','PC055','I5',NULL,NULL,'2V226093A0260',NULL,NULL,NULL,NULL,'R','alta',NULL),('MIC056','04','PC056','I5',NULL,NULL,'2V226093A0977',NULL,NULL,NULL,NULL,'R','alta',NULL),('MIC057','04','PC057','I5',NULL,NULL,'2V226093A1317',NULL,NULL,NULL,NULL,'R','alta',NULL),('MIC058','04','PC058','I5',NULL,NULL,'2V226093A0334',NULL,NULL,NULL,NULL,'R','alta',NULL),('MIC059','04','PC059','I5',NULL,NULL,'2V226091A1594',NULL,NULL,NULL,NULL,'B','alta',NULL),('MIC060','04','PC060','I5',NULL,NULL,'2V226093A0962',NULL,NULL,NULL,NULL,'B','alta',NULL),('MIC061','04','PC061','I5',NULL,NULL,'2V226093A2145',NULL,NULL,NULL,NULL,'B','alta',NULL),('MIC062','04','PC062','I5',NULL,NULL,'2V226091A5418',NULL,NULL,NULL,NULL,'B','alta',NULL),('MIC063','04','PC063','AMD',NULL,NULL,NULL,NULL,NULL,NULL,NULL,'B','alta',NULL),('MIC064','04','PC064','AMD',NULL,NULL,NULL,NULL,NULL,NULL,NULL,'B','alta',NULL),('MIC065','04','PC065','AMD',NULL,NULL,NULL,NULL,NULL,NULL,NULL,'B','alta',NULL),('MIC066','04','PC066','AMD',NULL,NULL,NULL,NULL,NULL,NULL,NULL,'B','alta',NULL),('MIC067','04','PC067','AMD',NULL,NULL,NULL,'* Oficina ',NULL,NULL,NULL,'R','alta',NULL),('MIC068','04','PC068',NULL,NULL,NULL,'H9TAXNP8LVXYT2VO','*Servidor',NULL,NULL,NULL,'B','alta',NULL),('MIC069','04','PC069','Intel / P III',NULL,NULL,'7134A979-148','1,133 Mhz',NULL,NULL,NULL,'B','Baja',NULL),('MIC070','04','PC070','Intel / P III',NULL,NULL,'Q143A45-0690','1,133 Mhz',NULL,NULL,NULL,'B','Baja',NULL),('MIC071','04','PC071','Intel / P III',NULL,NULL,'Q141A294','1,133 Mhz',NULL,NULL,NULL,'B','Baja',NULL),('MIC072','04','PC072','Intel / P III',NULL,NULL,'7122AB7A1036','750 Mhz',NULL,NULL,NULL,'R','Baja',NULL),('MIC073','04','PC073','Intel / P IV',NULL,NULL,'3243A396 - 0','1,133 Mhz',NULL,NULL,NULL,'R','Baja',NULL),('MIC074','04','PC074','Intel / P III',NULL,NULL,'Q141A294 - 0','1133 Mhz',NULL,NULL,NULL,'R','Baja',NULL),('MIC075','04','PC075','Intel P III',NULL,NULL,'Q143A454 - 1','1133 Mhz',NULL,NULL,NULL,'R','Baja',NULL),('MIC076','04','PC076','Intel Pentium III-S',NULL,NULL,'S/S N','1133 MHz','Verde',NULL,NULL,'R','Baja',NULL),('MIC077','04','PC077','Intel / PIV',NULL,NULL,NULL,NULL,'1,8 Ghz',NULL,NULL,'B','alta',NULL),('MIC078','04','PC078','AMD ATHLON XP / PIII',NULL,NULL,'28124005',NULL,'1,2 Ghz',NULL,NULL,'B','alta',NULL),('MIC079','04','PC079','Intel / PIV',NULL,NULL,'3252A088-019','Verde','1,8 Ghz',NULL,NULL,'B','alta',NULL),('MIC080','04','PC080','Intel / PIV',NULL,NULL,'3252A08-1036','Verde','1,8 Ghz',NULL,NULL,'B','alta',NULL),('MIC081','04','PC081','Intel ¸ Celeron IV',NULL,NULL,NULL,NULL,'2,4 Ghz',NULL,NULL,'B','alta',NULL),('MIC082','04','PC082','Intel Pentium IV',NULL,NULL,'3252A088-016',NULL,'1,8 Ghz',NULL,NULL,'B','alta',NULL),('MIC083','04','PC083','Intel ¸ Pentium IV',NULL,NULL,NULL,NULL,'1,8 Ghz',NULL,NULL,'B','alta',NULL),('MIC084','04','PC084','Intel Pentium III',NULL,NULL,'Q141A194-052','Verde','1,3 Ghz',NULL,NULL,'B','alta',NULL),('MIC085','04','PC085','Intel PIII',NULL,NULL,'Q143A454-003','Verde',NULL,NULL,NULL,'B','alta',NULL),('MIC086','04','PC086','Intel',NULL,NULL,'3252A088-075',NULL,'1,8 Ghz',NULL,NULL,'B','alta',NULL),('MIC087','04','PC087','Intel PIII',NULL,NULL,'3032A53','Verde','1,8 Ghz',NULL,NULL,'M','alta',NULL),('MIC088','04','PC088','(AMD ATHLON ? PROCES',NULL,NULL,NULL,'2600 MHZ(1',NULL,NULL,NULL,'R','alta',NULL),('MIC089','04','PC089','(AMD ATHLON ? PROCES',NULL,NULL,NULL,'2600 MHZ(1',NULL,NULL,NULL,'R','alta',NULL),('MIC090','04','PC090','(AMD ATHLON ? PROCES',NULL,NULL,NULL,'2600 MHZ(1',NULL,NULL,NULL,'R','alta',NULL),('MIC091','04','PC091','(AMD ATHLON ? PROCES',NULL,NULL,NULL,'2600 MHZ(1',NULL,NULL,NULL,'R','alta',NULL),('MIC092','04','PC092','AMD',NULL,NULL,NULL,NULL,NULL,NULL,NULL,NULL,'alta',NULL),('MIC093','04','PC093','AMD',NULL,NULL,NULL,NULL,NULL,NULL,NULL,NULL,'alta',NULL),('MIC094','04','PC094','AMD',NULL,NULL,NULL,NULL,NULL,NULL,NULL,NULL,'alta',NULL),('MIC095','04','PC095','AMD',NULL,NULL,NULL,NULL,NULL,NULL,NULL,NULL,'alta',NULL),('MIC096','04','PC096','Intel PIV',NULL,NULL,'Sin Numero',NULL,'1,8 Ghz',NULL,NULL,'R','alta',NULL),('MIC097','04','PC097','Intel Pentium III',NULL,NULL,NULL,NULL,'1,3 Ghz',NULL,NULL,'B','alta',NULL),('MIC098','04','PC098','Intel ¸ Pentium IV',NULL,NULL,NULL,NULL,'2,8 Ghz',NULL,NULL,'B','alta',NULL),('MIC099','04','PC099','Dual Core Intel Pent',NULL,NULL,NULL,NULL,'3 Ghz',NULL,NULL,'B','alta',NULL),('MIC100','04','PC100','Dual Core Intel Pent',NULL,NULL,NULL,NULL,'3 Ghz',NULL,NULL,'B','alta',NULL),('MIC101','04','PC101','AMD SEMPRON',NULL,NULL,'X02773906093',NULL,'3 Ghz',NULL,NULL,'B','alta',NULL),('MIC102','04','PC102','AMD SEMPRON',NULL,NULL,'X027739D6313',NULL,NULL,NULL,NULL,'B','alta',NULL),('MIC103','04','PC103','Intel PIV',NULL,NULL,'3252A088-202',NULL,'1,8 GHZ',NULL,NULL,'B','alta',NULL),('MIC104','04','PC104','Intel ¸ Pentium IV',NULL,NULL,NULL,NULL,'1,8 Ghz',NULL,NULL,'B','alta',NULL),('MIC105','04','PC105','Intel ¸ / PIV',NULL,NULL,NULL,NULL,NULL,NULL,NULL,'R','alta',NULL),('MINUSB01','17','PC041','Eurocase',NULL,NULL,NULL,'4 salidas',NULL,NULL,NULL,'B','alta',NULL),('MINUSB02','17','PC042','Eurocase',NULL,NULL,NULL,'4 salidas',NULL,NULL,NULL,'B','alta',NULL),('MON001','12','PC001','LG',NULL,'553 V','202MX37435','BLANCO',NULL,NULL,NULL,'R','alta',NULL),('MON002','12','PC002','LG',NULL,'C15JA-0','308DIL1368','BLANCO',NULL,NULL,NULL,'R','alta',NULL),('MON003','12','PC003','SAMSUNG',NULL,'540N','HA15H9NLB044',NULL,'P.PLANA',NULL,NULL,'R','alta',NULL),('MON004','12','PC004','SAMSUNG           -',NULL,'540N','HA15H9NLB050','NEGRO','P.PLANA',NULL,NULL,'R','alta',NULL),('MON005','12','PC005','SAMSUNG SYNCMASTER',NULL,'540N','HA15H9NLB044',NULL,'P.PLANA',NULL,NULL,'R','alta',NULL),('MON006','12','PC006','SAMSUNG           -',NULL,'540 N','HA15H9NLB051','NEGRO','P.PLANA',NULL,NULL,'R','alta',NULL),('MON007','12','PC007','SAMSUNG SYNCMASTER',NULL,'540N','PP620418',NULL,'P.PLANA',NULL,NULL,'R','alta',NULL),('MON008','12','PC008','SAMSUNG SYNCMASTER',NULL,'540 N','HA15H9NLB044',NULL,'P.PLANA',NULL,NULL,'R','alta',NULL),('MON009','12','PC009','LG',NULL,'553 V','202MX35420','BLANCO',NULL,NULL,NULL,'B','alta',NULL),('MON010','12','PC010','SAMSUNG           -',NULL,'550V','DP15HCEN3284',NULL,'BLANCO',NULL,NULL,'R','alta',NULL),('MON011','12','PC011','LG',NULL,'553 V',NULL,'BLANCO','1,8 GHZ',NULL,NULL,'R','alta',NULL),('MON012','12','PC011','LG',NULL,'553 V','202MX35420',NULL,NULL,NULL,NULL,'B','alta',NULL),('MON013','12','PC012','LG',NULL,'CB553H-AL','301DIJ5393','BLANCO',NULL,NULL,NULL,'R','alta',NULL),('MON014','12','PC013','SAMSUNG          -',NULL,NULL,'DT15HCER4079','BLANCO',NULL,NULL,NULL,'R','alta',NULL),('MON015','12','PC014','SAMSUNG          -',NULL,'450 NB','DP14HCENA070','BLANCO',NULL,NULL,NULL,'R','alta',NULL),('MON016','12','PC015','SAMSUNG',NULL,'550 V','DP15HCEN3291',NULL,NULL,NULL,NULL,'R','alta',NULL),('MON017','12','PC016','SAMSUNG',NULL,'550S','DT15HCER4080','BLANCO',NULL,NULL,NULL,'B','alta',NULL),('MON018','12','PC017','LG',NULL,'C15JA-0','308DIN5119','BLANCO',NULL,NULL,NULL,'R','alta',NULL),('MON019','12','PC018','LG              -',NULL,'C15JA-0','308DIN5102','BLANCO',NULL,NULL,NULL,'R','alta',NULL),('MON020','12','PC019','SAMSUNG            -',NULL,NULL,'DP15HCEN3281',NULL,NULL,NULL,NULL,'R','alta',NULL),('MON021','12','PC020','SAMSUNG',NULL,'550V','DP15HCEN3285',NULL,NULL,NULL,NULL,'R','alta',NULL),('MON022','12','PC021','LG FLATRON',NULL,'T17PC-0','711INBS09589','NEGRO',NULL,NULL,NULL,'B','alta',NULL),('MON023','12','PC022','LG',NULL,NULL,NULL,'NEGRO',NULL,NULL,NULL,'B','alta',NULL),('MON024','12','PC023','LG/FLATRON',NULL,'T15LA-0','603MXZJ0A917','Negro',NULL,NULL,NULL,'B','alta',NULL),('MON025','12','PC024','LG',NULL,'T15LA-0','603DIJX0P396','NEGRO',NULL,NULL,NULL,'B','alta',NULL),('MON026','12','PC025','LG                 -',NULL,'T15QA-0','701INGQ3D863','NEGRO',NULL,NULL,NULL,'B','alta',NULL),('MON027','12','PC026','LG',NULL,'T15LA','603DIBP0Q269','NEGRO',NULL,NULL,NULL,'B','alta',NULL),('MON028','12','PC027','LG',NULL,'T15QA-0','702INKH2H733',NULL,NULL,NULL,NULL,'B','alta',NULL),('MON029','12','PC028','LG -',NULL,'T15LA-0','603DIFV0P443','NEGRO',NULL,NULL,NULL,'B','alta',NULL),('MON030','12','PC029','LG',NULL,'T17PC-0','711INZY09789',NULL,NULL,NULL,NULL,'B','alta',NULL),('MON031','12','PC030','SAMSUNG             ',NULL,'550 S','DT15HCER4047',NULL,NULL,NULL,NULL,'R','alta',NULL),('MON032','12','PC031','LG',NULL,'T17PC-0','711INQU09812',NULL,NULL,NULL,NULL,'R','alta',NULL),('MON033','12','PC032','LG',NULL,'CB553H-AL','301DIJ6114','BLANCO',NULL,NULL,NULL,'B','alta',NULL),('MON034','12','PC033','LG',NULL,'T17PC-0','711INVM09879',NULL,NULL,NULL,NULL,'B','alta',NULL),('MON035','12','PC034','LG 553 V',NULL,NULL,'202MX35416',NULL,NULL,NULL,NULL,'R','alta',NULL),('MON036','12','PC035','LG  -',NULL,'T17PC-0','711INHZ09785','NEGRO',NULL,NULL,NULL,'R','alta',NULL),('MON037','12','PC036','SANSUNG 450 NV','450 NV',NULL,'DT14HCENA07764T',NULL,NULL,NULL,NULL,'R','alta',NULL),('MON038','12','PC037','LG',NULL,'T17PC-0','711INNG09607',NULL,NULL,NULL,NULL,'B','alta',NULL),('MON039','12','PC038','LG ','454V',NULL,'111AC19891',NULL,NULL,NULL,NULL,'R','alta',NULL),('MON040','12','PC039','LG',NULL,'T17PC-0','711INDP09890','NEGRO',NULL,NULL,NULL,'R','alta',NULL),('MON041','12','PC040','SANSUNG ',NULL,'59155','LB15MXBY423951L',NULL,NULL,NULL,NULL,'R','alta',NULL),('MON042','12','PC043','VIEWSONIC VA',NULL,NULL,'SGB121720716',NULL,NULL,NULL,NULL,'B','alta',NULL),('MON043','12','PC044','VIEWSONIC VA',NULL,NULL,'SGB121720717',NULL,NULL,NULL,NULL,'B','alta',NULL),('MON044','12','PC045','VIEWSONIC VA',NULL,NULL,'SGB121720719',NULL,NULL,NULL,NULL,'B','alta',NULL),('MON045','12','PC046','VIEWSONIC VA',NULL,NULL,'SGB121720714',NULL,NULL,NULL,NULL,'B','alta',NULL),('MON046','12','PC047','VIEWSONIC VA',NULL,NULL,'SGB121720739',NULL,NULL,NULL,NULL,'B','alta',NULL),('MON047','12','PC048','VIEWSONIC VA',NULL,NULL,'SGB121720736',NULL,NULL,NULL,NULL,'B','alta',NULL),('MON048','12','PC049','VIEWSONIC VA',NULL,NULL,'SGB121720729',NULL,NULL,NULL,NULL,'B','alta',NULL),('MON049','12','PC050','VIEWSONIC VA',NULL,NULL,'SGB121720703',NULL,NULL,NULL,NULL,'B','alta',NULL),('MON050','12','PC051','SAMSUNG ',NULL,'LS19A300N S/PE','V8C9H9NB305123L',NULL,NULL,NULL,NULL,'B','alta',NULL),('MON051','12','PC052','SAMSUNG ',NULL,'LS19A300N S/PE','V8C9H9NB306062A',NULL,NULL,NULL,NULL,'B','alta',NULL),('MON052','12','PC053','SAMSUNG ',NULL,'LS19A300N S/PE','B8V9J9MN306049L',NULL,NULL,NULL,NULL,'B','alta',NULL),('MON053','12','PC054','SAMSUNG ',NULL,'LS19A300N S/PE','V8C9H9NB306055F',NULL,NULL,NULL,NULL,'B','alta',NULL),('MON054','12','PC055','LG',NULL,'T17PC-0','808INHZ2Q561',NULL,NULL,NULL,NULL,'R','alta',NULL),('MON055','12','PC056','LG',NULL,'T17PC-0','808INJL2P804',NULL,NULL,NULL,NULL,'R','alta',NULL),('MON056','12','PC057','LG',NULL,'T17PC-0','808INLV3J752','NEGRO',NULL,NULL,NULL,'R','alta',NULL),('MON057','12','PC058','LG',NULL,'T17PC-0','808INYD2Q586',NULL,NULL,NULL,NULL,'R','alta',NULL),('MON058','12','PC059','LG',NULL,'T17PC-0','808INZY3K413',NULL,NULL,NULL,NULL,'B','alta',NULL),('MON059','12','PC060','LG',NULL,'T17PC-0','808INRC2Q630',NULL,NULL,NULL,NULL,'B','alta',NULL),('MON060','12','PC061','LG',NULL,'T17PC-0','808INZY2P813','NEGRO CON ',NULL,NULL,NULL,'B','alta',NULL),('MON061','12','PC062','LG',NULL,'T17PC-0','808INNG2Q623',NULL,NULL,NULL,NULL,'B','alta',NULL),('MON062','12','PC063','SAMSUNG',NULL,'9335NPLUS','CM19H9FSB202294L','NEGRO',NULL,NULL,NULL,'B','alta',NULL),('MON063','12','PC064','SAMSUNG',NULL,'933FNPLUS','CM19H9FSB90228A',NULL,NULL,NULL,NULL,'B','alta',NULL),('MON064','12','PC065','SAMSUNG',NULL,'9335NPLUS','CM19H9FSB20280V',NULL,NULL,NULL,NULL,'B','alta',NULL),('MON065','12','PC066','SAMSUNG',NULL,'933FNPLUS','CM19H9FSB2159W',NULL,NULL,NULL,NULL,'B','alta',NULL),('MON066','12','PC067','LG',NULL,'T17PC-0','CM19H9FSB20304Y',NULL,NULL,NULL,NULL,'R','alta',NULL),('MON067','12','PC069','SAMSUNG',NULL,'550 V','DP15HCEN3113','BLANCO-HUM',NULL,NULL,NULL,'B','Baja',NULL),('MON068','12','PC070','LG STUDIO WORKS',NULL,'CB553H-AL','301DIG6251',NULL,'BLANCO HUMO',NULL,NULL,'B','Baja',NULL),('MON069','12','PC071','LG STUDIO WORKS',NULL,'CB553H-AL','301DIG6522',NULL,'BLANCO-HUMO',NULL,NULL,'B','Baja',NULL),('MON070','12','PC072','LG STUDIO WORKS',NULL,'553V','202MX36845',NULL,'BLANCO',NULL,NULL,'R','Baja',NULL),('MON071','12','PC073','SAMSUNG',NULL,'591 S','LB15VSPN/PES',NULL,'BLANCO',NULL,NULL,'R','Baja',NULL),('MON072','12','PC074','SAMSUNG',NULL,'550 S','DT15HCER4078',NULL,'BLANCO',NULL,NULL,'B','Baja',NULL),('MON073','12','PC075','LG',NULL,'CB553H-AL','301DIG7041',NULL,'BLANCO HUMO',NULL,NULL,'R','Baja',NULL),('MON074','12','PC076','SAMSUNG',NULL,'550 S','DT15HCAR4080',NULL,'BLANCO-HUMO',NULL,NULL,'R','Baja',NULL),('MON075','12','PC088','SAMSUNG',NULL,'550S','DT15HCER407821A',NULL,NULL,NULL,NULL,'R','alta',NULL),('MON076','12','PC089','LG',NULL,'CB553H-AL','30IDIG7041',NULL,NULL,NULL,NULL,'R','alta',NULL),('MON077','12','PC090','SAMSUNG',NULL,'5505','BT15HCAR408017W',NULL,NULL,NULL,NULL,'R','alta',NULL),('MON078','12','PC091','LG',NULL,'553V','202MX34731',NULL,NULL,NULL,NULL,'R','alta',NULL),('MON079','12','PC096','SAMSUNG          -',NULL,NULL,'DT15HCER4079','BLANCO',NULL,NULL,NULL,'R','alta',NULL),('MON080','12','PC097','SAMSUNG',NULL,'550 V','DP15HCEN3291',NULL,NULL,NULL,NULL,'B','alta',NULL),('MON081','12','PC098','LG',NULL,'C15JA-0','308DIN5119','BLANCO',NULL,NULL,NULL,'B','alta',NULL),('MON082','12','PC099','LG              -',NULL,'C15JA-0','308DIN5102','BLANCO',NULL,NULL,NULL,'B','alta',NULL),('MON083','12','PC100','SAMSUNG',NULL,'551 V','AQ15HXBTB051',NULL,NULL,NULL,NULL,'B','alta',NULL),('MON084','12','PC101','LG',NULL,'C15JA-0','308DIN4990','BLANCO',NULL,NULL,NULL,'R','alta',NULL),('MON085','12','PC102','SAMSUNG',NULL,'591 S','LE15HCDX8143','BLANCO',NULL,NULL,NULL,'R','alta',NULL),('MON086','12','PC103','SAMSUNG',NULL,'550 V','DP15HCEN3282','BLANCO',NULL,NULL,NULL,'R','alta',NULL),('MON087','12','PC104','LG            -',NULL,'553V','202MX36880',NULL,NULL,NULL,NULL,'R','alta',NULL),('MOU001','14','PC001','GENIUS',NULL,'NETSCROLL 120','X56105806740',NULL,'USB',NULL,NULL,'B','alta',NULL),('MOU002','14','PC002','GENIUS',NULL,'NETSCROLL 120','X56105806749',NULL,'USB',NULL,NULL,'B','alta',NULL),('MOU003','14','PC003','OMEGA',NULL,'3882A815','O58025371',NULL,NULL,NULL,NULL,'R','alta',NULL),('MOU004','14','PC004','HALION              ',NULL,'HM8901',NULL,'NEGRO',NULL,NULL,NULL,'R','alta',NULL),('MOU005','14','PC005','LOGITECH',NULL,NULL,'P/N 852157 -',NULL,NULL,NULL,NULL,'R','alta',NULL),('MOU006','14','PC006','HALION              ',NULL,'HM8901',NULL,NULL,NULL,NULL,NULL,'R','alta',NULL),('MOU007','14','PC007','LOGITECH',NULL,NULL,'852157 - A00',NULL,NULL,NULL,NULL,'R','alta',NULL),('MOU008','14','PC008','HALION              ',NULL,'HM8901',NULL,'OPTICO',NULL,NULL,NULL,'R','alta',NULL),('MOU009','14','PC009','GENIUS',NULL,'NETSCROLL 120','X56158306006','NEGRO','OPTICO',NULL,NULL,'R','alta',NULL),('MOU010','14','PC010','GENIUS',NULL,'NETSCROLL 120','X56105806754',NULL,'USB',NULL,NULL,'B','alta',NULL),('MOU011','14','PC011','GENIUS',NULL,'NETSCROLL 120',NULL,'NEGRO',NULL,NULL,NULL,'B','alta',NULL),('MOU012','14','PC011','GENIUS',NULL,'NETSCROLL 120','X56158306006','BLANCO','OPTICO',NULL,NULL,'R','alta',NULL),('MOU013','14','PC012','GENIUS',NULL,'NETSCROLL 120','X56105806756',NULL,'USB',NULL,NULL,'B','alta',NULL),('MOU014','14','PC013','GENIUS',NULL,'GM-03022P','159888207135',NULL,NULL,NULL,NULL,'R','alta',NULL),('MOU015','14','PC014','GENIUS',NULL,'NETSCROLL 120','X56105806786',NULL,'USB',NULL,NULL,'B','alta',NULL),('MOU016','14','PC015','TEC CYBERTEL',NULL,'CYBK138','1800K138P1103',NULL,NULL,NULL,NULL,'R','alta',NULL),('MOU017','14','PC016','GENIUS',NULL,'NETSCROLL 120','X56105806774',NULL,'USB',NULL,NULL,'B','alta',NULL),('MOU018','14','PC017','GENIUS',NULL,'GM-03022P','159888207130',NULL,NULL,NULL,NULL,'R','alta',NULL),('MOU019','14','PC018','GENIUS',NULL,'GM-03022P','159888207105',NULL,NULL,NULL,NULL,'R','alta',NULL),('MOU020','14','PC019','GENIUS',NULL,'NET CROLL 120','X56158306027','NEGRO/OPTI',NULL,NULL,NULL,'B','alta',NULL),('MOU021','14','PC020','GENIUS',NULL,'NetScroll','Ilegible',NULL,NULL,NULL,NULL,'R','alta',NULL),('MOU022','14','PC021','CYBERLINK',NULL,NULL,NULL,NULL,'OPTICO',NULL,NULL,'B','alta',NULL),('MOU023','14','PC022','LOGITECH',NULL,'M-SBF96','852157-A000','NEGRO','OPTICO',NULL,NULL,'B','alta',NULL),('MOU024','14','PC023','GENIUS',NULL,'NETSCROLL 120','X55979701300','Negro',NULL,NULL,NULL,'B','alta',NULL),('MOU025','14','PC024','AVATEC',NULL,'M114','0905M1140138',NULL,'USB',NULL,NULL,'B','alta',NULL),('MOU026','14','PC025','AVATEC',NULL,'M203','0905M2030030',NULL,'USB',NULL,NULL,'B','alta',NULL),('MOU027','14','PC026','AVATEC',NULL,'M391','0905M3910101',NULL,'USB',NULL,NULL,'B','alta',NULL),('MOU028','14','PC027','AVATEC',NULL,'M114','0905M1140139',NULL,'USB',NULL,NULL,'B','alta',NULL),('MOU029','14','PC028','AVATEC',NULL,'M203','0905M2030030',NULL,'USB',NULL,NULL,'B','alta',NULL),('MOU030','14','PC029','CIBERLINK',NULL,NULL,NULL,'NEGRO',NULL,NULL,NULL,'B','alta',NULL),('MOU031','14','PC030','GENIUS',NULL,'NETSCROLL 120','X56158306024','BLANCO','OPTICO',NULL,NULL,'R','alta',NULL),('MOU032','14','PC031','CYBERLINK',NULL,NULL,NULL,NULL,NULL,NULL,NULL,'R','alta',NULL),('MOU033','14','PC032','LOGITECH            ',NULL,'M-SBF96','852157-A000',NULL,'OPTICO',NULL,NULL,'R','alta',NULL),('MOU034','14','PC033','CYBERLINK',NULL,NULL,NULL,NULL,NULL,NULL,NULL,'B','alta',NULL),('MOU035','14','PC034','GENIUS - XSCROLL',NULL,NULL,'150953308632',NULL,NULL,NULL,NULL,'R','alta',NULL),('MOU036','14','PC035','CYBERLINK',NULL,NULL,NULL,'NEGRO/PLOM',NULL,NULL,NULL,'R','alta',NULL),('MOU037','14','PC036','GENIUS - XSCROLL',NULL,NULL,'150953308629',NULL,NULL,NULL,NULL,'R','alta',NULL),('MOU038','14','PC037','CYBERLINK',NULL,NULL,NULL,NULL,NULL,NULL,NULL,'B','alta',NULL),('MOU039','14','PC038','GENIUS - XSCROLL',NULL,NULL,'150953308693',NULL,NULL,NULL,NULL,'R','alta',NULL),('MOU040','14','PC039','CYBERLINK',NULL,NULL,NULL,NULL,NULL,NULL,NULL,'R','alta',NULL),('MOU041','14','PC040','GENIUS-XSCROLL',NULL,NULL,'150953308635',NULL,NULL,NULL,NULL,'R','alta',NULL),('MOU042','14','PC051','GENIUS','USB','GM-03022P','367578802558','OPTICO',NULL,NULL,NULL,'B','alta',NULL),('MOU043','14','PC052','GENIUS',NULL,'GM-03022P','367578802546',NULL,NULL,NULL,NULL,'B','alta',NULL),('MOU044','14','PC053','GENIUS',NULL,'GM-03022P','367578802544',NULL,NULL,NULL,NULL,'B','alta',NULL),('MOU045','14','PC054','GENIUS',NULL,'GM-03022P','367578802562',NULL,NULL,NULL,NULL,'B','alta',NULL),('MOU046','14','PC063','GENIUS',NULL,'GM-03022P','164928305530',NULL,NULL,NULL,NULL,'B','alta',NULL),('MOU047','14','PC064','GENIUS',NULL,'GMO3022','164928305565',NULL,NULL,NULL,NULL,'B','alta',NULL),('MOU048','14','PC065','GENIUS',NULL,'GM030-22P','164928209042',NULL,NULL,NULL,NULL,'B','alta',NULL),('MOU049','14','PC066','GENIUS',NULL,'GM03022P','4164928305529',NULL,NULL,NULL,NULL,'B','alta',NULL),('MOU050','14','PC067','GENIUS',NULL,'GM-03022P','159888207131',NULL,NULL,NULL,NULL,'R','alta',NULL),('MOU051','14','PC068','HP',NULL,'M-5BN96','F93AADWN3YI094B','BOLITA',NULL,NULL,NULL,'B','alta',NULL),('MOU052','14','PC069','GENIUS',NULL,'EASY MOUSE','CD2303407096',NULL,'BLANCO-PLOMO',NULL,NULL,'B','Baja',NULL),('MOU053','14','PC070','S/MARCA',NULL,'EASY MOUSE','90238328',NULL,'BLANCO',NULL,NULL,'B','Baja',NULL),('MOU054','14','PC071','GENIUS',NULL,'EASY MOUSE','108763407743',NULL,'BLANCO-PLOMO',NULL,NULL,'B','Baja',NULL),('MOU055','14','PC072','GENIUS',NULL,'EASY MOUSE','108763407728',NULL,'BLANCO-PLOMO',NULL,NULL,'R','Baja',NULL),('MOU056','14','PC073','LOGITECH',NULL,'MSBF-90','HCA50324933','OPTICO','BLANCO/NEGRO',NULL,NULL,'R','Baja',NULL),('MOU057','14','PC074','GENIUS',NULL,'NET SCROLL',NULL,NULL,'NEGRO',NULL,NULL,'R','Baja',NULL),('MOU058','14','PC075','GENIUS',NULL,'EASY MOUSE','C02303407511',NULL,'BLANCO-PLOMO',NULL,NULL,'R','Baja',NULL),('MOU059','14','PC076','LOGITECH',NULL,'MSBF-90','HS6431420Y0',NULL,'NEGRO',NULL,NULL,'R','Baja',NULL),('MOU060','14','PC077','GENIUS        -   NE',NULL,NULL,NULL,NULL,NULL,NULL,NULL,'R','alta',NULL),('MOU061','14','PC078','COD DE MOUSE',NULL,NULL,NULL,NULL,NULL,NULL,NULL,'M','alta',NULL),('MOU062','14','PC080','BENQ                ',NULL,'M800-P','FJQ4088P2673','NEGRO',NULL,NULL,NULL,'B','alta',NULL),('MOU063','14','PC082','GENIUS',NULL,'NETSCROLL 120','X56158306015','BLANCO','OPTICO',NULL,NULL,'R','alta',NULL),('MOU064','14','PC083','LOGITECH',NULL,'M-SBF96','HS6431420VY','OPTICO',NULL,NULL,NULL,'B','alta',NULL),('MOU065','14','PC084','OMEGA',NULL,'3882A815','58025395','NEGRO',NULL,NULL,NULL,'R','alta',NULL),('MOU066','14','PC085','GENIUS',NULL,'NET SCROLL',NULL,NULL,NULL,NULL,NULL,'R','alta',NULL),('MOU067','14','PC086','GENIUS',NULL,'NET SCROLL',NULL,'BLANCO',NULL,NULL,NULL,'R','alta',NULL),('MOU068','14','PC087','GENIUS',NULL,'NET SCROLL','114448107','BLANCO',NULL,NULL,NULL,'R','alta',NULL),('MOU069','14','PC088','GENIUS GM-03022P',NULL,NULL,'150953308565','OPTICO',NULL,NULL,NULL,'R','alta',NULL),('MOU070','14','PC089','GENIUS GM-03022P',NULL,NULL,'150953308562','OPTICO',NULL,NULL,NULL,'R','alta',NULL),('MOU071','14','PC090','GENIUS GM-03022P',NULL,NULL,'150953308505','OPTICO',NULL,NULL,NULL,'R','alta',NULL),('MOU072','14','PC091','GENIUS GM-03022P',NULL,NULL,'150953308513','OPTICO',NULL,NULL,NULL,'R','alta',NULL),('MOU073','14','PC092','GENIUS',NULL,'GM-03022P','150953308509',NULL,NULL,NULL,NULL,NULL,'alta',NULL),('MOU074','14','PC093','GENIUS',NULL,'GM03022P','150953308561',NULL,NULL,NULL,NULL,NULL,'alta',NULL),('MOU075','14','PC094','GENIUS',NULL,'GM-03022P','150953308555',NULL,NULL,NULL,NULL,NULL,'alta',NULL),('MOU076','14','PC095','GENIUS',NULL,'GM-03022P','1509533085T2',NULL,NULL,NULL,NULL,NULL,'alta',NULL),('MOU077','14','PC096','GENIUS',NULL,'NETSCROLL 120','X56158306011',NULL,'OPTICO',NULL,NULL,'B','alta',NULL),('MOU078','14','PC097','GENIUS',NULL,'NETSCROLL 120','X56158306012',NULL,NULL,NULL,NULL,'B','alta',NULL),('MOU079','14','PC098','GENIUS',NULL,'NETSCROLL 120','X56158306014',NULL,'OPTICO',NULL,NULL,'B','alta',NULL),('MOU080','14','PC099','LOGITECH        -',NULL,'M-SBF96','852157-A000',NULL,NULL,NULL,NULL,'B','alta',NULL),('MOU081','14','PC100','GENIUS',NULL,'NET  SCROL',NULL,'NEGRO',NULL,NULL,NULL,'B','alta',NULL),('MOU082','14','PC101','GENIUS   -',NULL,'NETS CROLL 120','X56158306017','PLOMO',NULL,NULL,NULL,'B','alta',NULL),('MOU083','14','PC102','GENIUS',NULL,'NET SCROLL 120','X56158306020',NULL,NULL,NULL,NULL,'B','alta',NULL),('MOU084','14','PC103','GENIUS',NULL,'NETSCROLL 120','X56158306007','BLANCO','OPTICO',NULL,NULL,'B','alta',NULL),('MOU085','14','PC104','GENIUS',NULL,'NETSCROLL 120','X56158306026','BLANCO','OPTICO',NULL,NULL,'B','alta',NULL),('MOU086','14','PC041','BENG',NULL,NULL,'FJQ1U88U2099M08093OA0000',NULL,NULL,NULL,NULL,'B','alta',NULL),('MOU087','14','PC042','BENG',NULL,NULL,'FJQ1U88U2099M08013OA0000',NULL,NULL,NULL,NULL,'B','alta',NULL),('MR001','05','PC001','KINGSTON',NULL,'DDR2','4173827 - 03',NULL,'2 GB 800MHZ',NULL,NULL,'B','alta',NULL),('MR002','05','PC001','KINGSTON',NULL,'DDR2','4176491 - 10',NULL,'1 GB 800MHZ',NULL,NULL,'B','alta',NULL),('MR003','05','PC002','KINGSTON',NULL,'DDR2','4173827 - 0397836',NULL,'2 GB 800MHZ',NULL,NULL,'B','alta',NULL),('MR004','05','PC002','KINGSTON',NULL,'DDR2','4176491 - 1646096',NULL,'1 GB 800MHZ',NULL,NULL,'B','alta',NULL),('MR005','05','PC003','KINGSTON',NULL,'DDR2','PP865621','Verde','512 MB',NULL,NULL,'B','alta',NULL),('MR006','05','PC003','KINGSTON',NULL,'DDR2','PP865601','Verde','512 MB',NULL,NULL,'B','alta',NULL),('MR007','05','PC004','KINGSTON',NULL,'DDR2','4521417-1403010','Verde','1 GB',NULL,NULL,'B','alta',NULL),('MR008','05','PC004','KINGSTON',NULL,'DDR2','4521417-1168395','Verde','1 GB',NULL,NULL,'B','alta',NULL),('MR009','05','PC005','Markvision',NULL,'MDXSS6G3I41X0B1EAZ','631SS(SCBGC1','Verde','1 GB',NULL,NULL,'B','alta',NULL),('MR010','05','PC005','Markvision',NULL,'MDXSS6G3I41X0B1EAZ','631SS(SCBGC1','Verde','1 GB',NULL,NULL,'B','alta',NULL),('MR011','05','PC005','Markvision',NULL,'MDXSS6G3I41X0B1EAZ','631SS(SCBGC1','Verde','1 GB',NULL,NULL,'B','alta',NULL),('MR012','05','PC006','KINGSTON',NULL,'DDR2','PP620422','Verde','1 GB',NULL,NULL,'B','alta',NULL),('MR013','05','PC006','KINGSTON',NULL,'DDR2','PP620418','Verde','1 GB',NULL,NULL,'B','alta',NULL),('MR014','05','PC007','Mark VisiON DDR 400 ',NULL,NULL,'631SS(SCBGC1','Verde','1 GB',NULL,NULL,'B','alta',NULL),('MR015','05','PC007','Markvision',NULL,'MDXSS6G3I41X0B1EAZ','631SS(SCBGC1','Verde','1 GB',NULL,NULL,'B','alta',NULL),('MR016','05','PC007','Markvision',NULL,'MDXSS6G3I41X0B1EAZ','631SS(SCBGC1','Verde','1 GB',NULL,NULL,'B','alta',NULL),('MR017','05','PC008','KINGSTON',NULL,'DDR2','4521417-1173457','Verde','1 GB',NULL,NULL,'B','alta',NULL),('MR018','05','PC008','KINGSTON',NULL,'DDR2','4521417-1151020','Verde','1 GB',NULL,NULL,'B','alta',NULL),('MR019','05','PC009','KINGSTON',NULL,'DDR2','4484388-0479993','Verde','2GB',NULL,NULL,'B','alta',NULL),('MR020','05','PC009','KINGSTON',NULL,'DDR2','4484388-0439569','Verde','2GB',NULL,NULL,'B','alta',NULL),('MR021','05','PC010','KINGSTON',NULL,'DDR2','4173827 - 04',NULL,'2 GB 800MHZ',NULL,NULL,'B','alta',NULL),('MR022','05','PC010','KINGSTON',NULL,'DDR2','4295296 - 32',NULL,'1 GB 800MHZ',NULL,NULL,'B','alta',NULL),('MR023','05','PC011','KINGSTON',NULL,'DDR2',NULL,'Verde',NULL,NULL,NULL,'B','alta',NULL),('MR024','05','PC011','KINGSTON',NULL,'DDR2',NULL,'Verde','256 MB',NULL,NULL,'B','alta',NULL),('MR025','05','PC012','KINGSTON',NULL,'DDR2','4173827 - 06',NULL,'2 GB 800MHZ',NULL,NULL,'B','alta',NULL),('MR026','05','PC012','KINGSTON',NULL,'DDR2','4295296 - 31',NULL,'1 GB 800MHZ',NULL,NULL,'B','alta',NULL),('MR027','05','PC013','KINGSTON',NULL,NULL,'KVR800D2N6',NULL,NULL,NULL,NULL,'R','alta',NULL),('MR028','05','PC014','KINGSTON',NULL,'DDR2','4173827 - 07',NULL,'2 GB 800MHZ',NULL,NULL,'B','alta',NULL),('MR029','05','PC014','KINGSTON',NULL,'DDR2','4176491 - 10',NULL,'1 GB 800MHZ',NULL,NULL,'B','alta',NULL),('MR030','05','PC015','KINGSTON',NULL,NULL,'43364510656759',NULL,NULL,NULL,NULL,'R','alta',NULL),('MR031','05','PC016','KINGSTON',NULL,'DDR2','4173827 - 03',NULL,'2 GB 800MHZ',NULL,NULL,'B','alta',NULL),('MR032','05','PC016','KINGSTON',NULL,'DDR2','4176491 - 10',NULL,'1 GB 800MHZ',NULL,NULL,'B','alta',NULL),('MR033','05','PC017','KINGSTON',NULL,NULL,'KVR800D2N6',NULL,NULL,NULL,NULL,'R','alta',NULL),('MR034','05','PC018','KINGSTON',NULL,NULL,'433645106611445',NULL,NULL,NULL,NULL,'R','alta',NULL),('MR035','05','PC019','KINGSTON',NULL,'DDR2','PP620426','Verde','1 GB',NULL,NULL,'B','alta',NULL),('MR036','05','PC019','KINGSTON',NULL,'DDR2','PP620434','Verde','1 GB',NULL,NULL,'B','alta',NULL),('MR037','05','PC020','KINGSTON ','DDR','KVR667D2N5','EE344010',NULL,'1GB',NULL,NULL,'R','alta',NULL),('MR038','05','PC021','Spectek  DDR2 PC 666',NULL,NULL,'3108010208','VERDE','1 GB',NULL,NULL,'B','alta',NULL),('MR039','05','PC021','KINGSTON',NULL,'DDR2','PP620414','Verde','1 GB',NULL,NULL,'B','alta',NULL),('MR040','05','PC022','KINGSTON',NULL,'DDR2','4521417-1151','Verde','1 GB',NULL,NULL,'B','alta',NULL),('MR041','05','PC022','KINGSTON',NULL,'DDR2','4521417-1173','Verde','1 GB',NULL,NULL,'B','alta',NULL),('MR042','05','PC023','Markvision',NULL,'MDGMV5F3H4850N1E52','615XR(MVNGB1','Verde','512 MB',NULL,NULL,'B','alta',NULL),('MR043','05','PC023','KINGSTON',NULL,'DDR2','PP865577','Verde','512 MB',NULL,NULL,'B','alta',NULL),('MR044','05','PC023','KINGSTON',NULL,'DDR2','PP865581','Verde','512 MB',NULL,NULL,'B','alta',NULL),('MR045','05','PC023','KINGSTON',NULL,'DDR2','PP865589','Verde','512 MB',NULL,NULL,'B','alta',NULL),('MR046','05','PC024',NULL,NULL,'DDR2','4059908 - 20',NULL,'2 GB',NULL,NULL,'B','alta',NULL),('MR047','05','PC024',NULL,NULL,'DDR2','4059908 - 14',NULL,'2 GB',NULL,NULL,'B','alta',NULL),('MR048','05','PC025',NULL,NULL,'DDR2','4059908 - 14',NULL,'2 GB',NULL,NULL,'B','alta',NULL),('MR049','05','PC025',NULL,NULL,'DDR2','4059908 - 20',NULL,'2 GB',NULL,NULL,'B','alta',NULL),('MR050','05','PC026',NULL,NULL,'DDR2','4059908 - 20',NULL,'2 GB',NULL,NULL,'B','alta',NULL),('MR051','05','PC026',NULL,NULL,'DDR2','4059908 - 13',NULL,'2 GB',NULL,NULL,'B','alta',NULL),('MR052','05','PC027',NULL,NULL,'DDR2','4059908 - 20',NULL,'2 GB',NULL,NULL,'B','alta',NULL),('MR053','05','PC027',NULL,NULL,'DDR2','4059908 - 20',NULL,'2 GB',NULL,NULL,'B','alta',NULL),('MR054','05','PC028',NULL,NULL,'DDR2','4059908 - 20',NULL,'2 GB',NULL,NULL,'B','alta',NULL),('MR055','05','PC028',NULL,NULL,'DDR2','4488873 - 09',NULL,'2 GB',NULL,NULL,'B','alta',NULL),('MR056','05','PC029','Spectek',NULL,'DDR2 PC667/533','S/N',NULL,'1024 MB',NULL,NULL,'B','alta',NULL),('MR057','05','PC030','Markvision',NULL,'DDR 400','615XR','Verde','512 MB',NULL,NULL,'B','alta',NULL),('MR058','05','PC030','KINGSTON',NULL,'DDR','PP865605  (+','Verde','512 MB',NULL,NULL,'B','alta',NULL),('MR059','05','PC030','KINGSTON',NULL,'DDR','PP865565  (+','Verde','512 MB',NULL,NULL,'B','alta',NULL),('MR060','05','PC030','KINGSTON',NULL,'DDR','PP865494  (+','Verde','512 MB',NULL,NULL,'B','alta',NULL),('MR061','05','PC031','SUPRAM/SPECTEK',NULL,'DDR2 PC667/533',NULL,'Verde','1024 MB',NULL,NULL,'B','alta',NULL),('MR062','05','PC031','KINGSTON',NULL,'DDR2','4521417-1171','Verde','1 GB',NULL,NULL,'B','alta',NULL),('MR063','05','PC032','KINGSTON',NULL,'DDR2','PP865502','Verde','512 MB',NULL,NULL,'B','alta',NULL),('MR064','05','PC032','KINGSTON',NULL,'DDR2','PP865613','Verde','512 MB',NULL,NULL,'B','alta',NULL),('MR065','05','PC033','SUPRAM-SPECTEK',NULL,'DDR2 PC667/533',NULL,'Verde','1024 MB',NULL,NULL,'B','alta',NULL),('MR066','05','PC034','Kingston 99U5316-010',NULL,NULL,'691A83EFh (4',NULL,'DDR2-667 (333 MHz) / 959 MB',NULL,NULL,'R','alta',NULL),('MR067','05','PC035','SUPRAM/SPECTECK',NULL,'DDR2 PC667/533',NULL,NULL,'1024 MB',NULL,NULL,'B','alta',NULL),('MR068','05','PC036','Kingston 99U5316-010',NULL,NULL,'6C1A9CEFH (4',NULL,'DDR2-667 (333 MHz) / 959 MB',NULL,NULL,'R','alta',NULL),('MR069','05','PC037','SUPRAM/SPECTECK',NULL,'DDR2 PC667/533',NULL,NULL,'1024 MB',NULL,NULL,'B','alta',NULL),('MR070','05','PC038','Kingston 99U5316-010',NULL,NULL,'691A83EFh (4',NULL,'DDR2-667 (333 MHz) / 959 MB',NULL,NULL,'R','alta',NULL),('MR071','05','PC039','SUPRAM/SPECTECK',NULL,'DDR2 PC667/533',NULL,NULL,'1 GB',NULL,NULL,'B','alta',NULL),('MR072','05','PC040','Kingston 99U5316-010',NULL,NULL,'681A06FAh (4',NULL,'DDR2-667 (333 MHz) / 959 MB',NULL,NULL,'R','alta',NULL),('MR073','05','PC041','KINGSTON',NULL,NULL,'KVR1333D3N9',NULL,'DDR3',NULL,NULL,'B','alta',NULL),('MR074','05','PC042','KINGSTON',NULL,NULL,'KVR1333D3N9',NULL,'DDR3',NULL,NULL,'B','alta',NULL),('MR075','05','PC043','KINGSTON',NULL,NULL,'CCC99049612',NULL,'4GB',NULL,NULL,'B','alta',NULL),('MR076','05','PC044','KINGSTON',NULL,NULL,'CCC99049608',NULL,'4GB',NULL,NULL,'B','alta',NULL),('MR077','05','PC045','KINGSTON',NULL,NULL,'CCC99049606',NULL,'4GB',NULL,NULL,'B','alta',NULL),('MR078','05','PC046','KINGSTON',NULL,NULL,'CCC99049602',NULL,'4GB',NULL,NULL,'B','alta',NULL),('MR079','05','PC047','KINGSTON',NULL,NULL,'CCC99049610',NULL,'4GB',NULL,NULL,'B','alta',NULL),('MR080','05','PC048','KINGSTON',NULL,NULL,'99U5471',NULL,'4GB',NULL,NULL,'B','alta',NULL),('MR081','05','PC049','KINGSTON',NULL,NULL,'99U5471',NULL,'4GB',NULL,NULL,'B','alta',NULL),('MR082','05','PC050','KINGSTON',NULL,NULL,'99U5471',NULL,'4GB',NULL,NULL,'B','alta',NULL),('MR083','05','PC051',NULL,NULL,NULL,NULL,'4GB',NULL,NULL,NULL,'B','alta',NULL),('MR084','05','PC052',NULL,NULL,NULL,NULL,'4GB',NULL,NULL,NULL,'B','alta',NULL),('MR085','05','PC053',NULL,NULL,NULL,NULL,'4GB',NULL,NULL,NULL,'B','alta',NULL),('MR086','05','PC054',NULL,NULL,NULL,NULL,'4GB',NULL,NULL,NULL,'B','alta',NULL),('MR087','05','PC055','KINGSTON',NULL,NULL,'CCC99049669',NULL,NULL,NULL,NULL,'R','alta',NULL),('MR088','05','PC056','KINGSTON',NULL,NULL,'CCC99049641',NULL,NULL,NULL,NULL,'R','alta',NULL),('MR089','05','PC057','KINGSTON',NULL,NULL,'CCC99049667',NULL,NULL,NULL,NULL,'R','alta',NULL),('MR090','05','PC058','KINGSTON',NULL,NULL,'CCC99049643',NULL,NULL,NULL,NULL,'R','alta',NULL),('MR091','05','PC059','KINGSTON',NULL,NULL,'CCC99049622',NULL,NULL,NULL,NULL,'B','alta',NULL),('MR092','05','PC060','KINGSTON',NULL,NULL,'CCC99049624',NULL,NULL,NULL,NULL,'B','alta',NULL),('MR093','05','PC061','KINGSTON',NULL,NULL,'CCC99049663',NULL,NULL,NULL,NULL,'B','alta',NULL),('MR094','05','PC062','KINGSTON',NULL,NULL,'CCC99049661',NULL,NULL,NULL,NULL,'B','alta',NULL),('MR095','05','PC063','KINGSTON',NULL,NULL,'XX701947',NULL,NULL,NULL,NULL,'B','alta',NULL),('MR096','05','PC063','KINGSTON',NULL,NULL,'XX218406',NULL,NULL,NULL,NULL,'B','alta',NULL),('MR097','05','PC064','KINGSTON',NULL,NULL,'XX701927/QNLV5Q9BPF7EW1WB','DOS MEMORI',NULL,NULL,NULL,'B','alta',NULL),('MR098','05','PC065','KINGSTON',NULL,NULL,'XX701946',NULL,NULL,NULL,NULL,'B','alta',NULL),('MR099','05','PC065','KINGSTON',NULL,NULL,'KBR1333D3N9',NULL,NULL,NULL,NULL,'B','alta',NULL),('MR100','05','PC066','KINGSTON',NULL,NULL,'XEJF5C9RP47HV936/XX701951',NULL,NULL,NULL,NULL,'B','alta',NULL),('MR101','05','PC067','KINGSTON',NULL,NULL,'KBR800D2N6',NULL,NULL,NULL,NULL,'R','alta',NULL),('MR102','05','PC068','HP',NULL,'C2GMNB0','RAKWQ8LXLYT209',NULL,NULL,NULL,NULL,'B','alta',NULL),('MR103','05','PC069','Spectek',NULL,NULL,'ES7055-002','128 MB','Verde',NULL,NULL,'M','Baja',NULL),('MR104','05','PC070','Spectek',NULL,NULL,'ES7055-002','128 MB','Verde',NULL,NULL,'B','Baja',NULL),('MR105','05','PC071','Spectek',NULL,NULL,'32S64H','256 MB','Verde',NULL,NULL,'B','Baja',NULL),('MR106','05','PC072','S/M',NULL,NULL,'B6986RAS','128 MB','Verde',NULL,NULL,'R','Baja',NULL),('MR107','05','PC073','Spectek',NULL,NULL,'5859792','128 Mhz','Verde',NULL,NULL,'R','Baja',NULL),('MR108','05','PC074','Spectek',NULL,NULL,'ES7055-002','128 MB','Verde',NULL,NULL,'R','Baja',NULL),('MR109','05','PC075','Spectek',NULL,NULL,'E57055 - 002','128 MB','Verde',NULL,NULL,'M','Baja',NULL),('MR110','05','PC076','Spectek SDRAM',NULL,NULL,'P16M6416YB7-','128 MB','Verde',NULL,NULL,'R','Baja',NULL),('MR111','05','PC077','Spectek',NULL,NULL,'135848','Verde','256 MB',NULL,NULL,'B','alta',NULL),('MR112','05','PC078','No Tiene',NULL,NULL,'1114102','Verde','128 MB',NULL,NULL,'B','alta',NULL),('MR113','05','PC078','KINGSTON',NULL,NULL,'PP865490','Verde','512 MB',NULL,NULL,'B','alta',NULL),('MR114','05','PC079','Spectek',NULL,'PC2100 DDR','0315N35511','Verde','256 MB',NULL,NULL,'B','alta',NULL),('MR115','05','PC079','KINGSTON',NULL,'DDR','PP865569  (+','Verde','512 MB',NULL,NULL,'B','alta',NULL),('MR116','05','PC080','Spectek',NULL,'DDR 266','122100548605','Verde','256 MB',NULL,NULL,'B','alta',NULL),('MR117','05','PC080','KINGSTON',NULL,'DDR','PP865561  (+','Verde','512 MB',NULL,NULL,'B','alta',NULL),('MR118','05','PC081','Spectek',NULL,'PC2100 DDR','0242 N34598','Verde','128 MB',NULL,NULL,'R','alta',NULL),('MR119','05','PC081','KINGSTON',NULL,'DDR','PP865553  (+','Verde','512 MB',NULL,NULL,'B','alta',NULL),('MR120','05','PC082','Spectek',NULL,NULL,'0315N35511','Verde','256 MB',NULL,NULL,'R','alta',NULL),('MR121','05','PC082','KINGSTON',NULL,'DDR','PP865486  (+','Verde','512 MB',NULL,NULL,'B','alta',NULL),('MR122','05','PC083','Specteck PC2100 DDR',NULL,NULL,'0315N35511','Verde','256 MB',NULL,NULL,'B','alta',NULL),('MR123','05','PC083','KINGSTON',NULL,'DDR','PP865573  (+','Verde','512 MB',NULL,NULL,'B','alta',NULL),('MR124','05','PC084','NO TIENE',NULL,NULL,NULL,NULL,NULL,NULL,NULL,'R','alta',NULL),('MR125','05','PC085','No tiene',NULL,NULL,NULL,NULL,NULL,NULL,NULL,'R','alta',NULL),('MR126','05','PC086','No tiene',NULL,NULL,NULL,NULL,NULL,NULL,NULL,'B','alta',NULL),('MR127','05','PC087','NO TIENE',NULL,NULL,NULL,NULL,NULL,NULL,NULL,'R','alta',NULL),('MR128','05','PC088','KINGSTON',NULL,NULL,'KBR667D2N5','1GB (DDR2-',NULL,NULL,NULL,'R','alta',NULL),('MR129','05','PC089','KINGSTON',NULL,'99V5316-010','3746053-3217456','1GB (DDR2-',NULL,NULL,NULL,'R','alta',NULL),('MR130','05','PC090','KINGSTON',NULL,NULL,'KVR667D2N5','1GB (DDR2-',NULL,NULL,NULL,'R','alta',NULL),('MR131','05','PC091','KINGSTON',NULL,NULL,'KVR667D2N5','1GB (DDR2-',NULL,NULL,NULL,'R','alta',NULL),('MR132','05','PC092','KINGSTON',NULL,'KVR667A2N5',NULL,NULL,NULL,NULL,NULL,NULL,'alta',NULL),('MR133','05','PC093','KINGSTON',NULL,NULL,'39692551036082',NULL,NULL,NULL,NULL,NULL,'alta',NULL),('MR134','05','PC094','KINGSTON',NULL,NULL,'3746053-0707464',NULL,NULL,NULL,NULL,NULL,'alta',NULL),('MR135','05','PC095','KINGSTON',NULL,NULL,'3969255-1738634',NULL,NULL,NULL,NULL,NULL,'alta',NULL),('MR136','05','PC096','Spectek',NULL,'DDR333','136353','Verde','256 MB',NULL,NULL,'R','alta',NULL),('MR137','05','PC096','KINGSTON',NULL,'DDR','PP865498  (+','Verde','512 MB',NULL,NULL,'B','alta',NULL),('MR138','05','PC097','INFINEON',NULL,'DIMM 0007','C2W11712702','Verde','256 MB',NULL,NULL,'R','alta',NULL),('MR139','05','PC098','AENEON DDR333',NULL,NULL,'051904 3007P','Verde','256 MB',NULL,NULL,'B','alta',NULL),('MR140','05','PC098','KINGSTON',NULL,'DDR','PP865557  (+','Verde','512 MB',NULL,NULL,'B','alta',NULL),('MR141','05','PC099','Kingston',NULL,'KVR667D2NS/512','Z2702696',NULL,'512 MB',NULL,NULL,'B','alta',NULL),('MR142','05','PC100','Kingston',NULL,'KVR667D2N5-512','Z2702692',NULL,'512 MB',NULL,NULL,'B','alta',NULL),('MR143','05','PC101','Mark Vision DDR 400 ',NULL,'MDGV5F3G3850N1E02','610XR (MVBGV','Verde','256 MB',NULL,NULL,'B','alta',NULL),('MR144','05','PC101','KINGSTON',NULL,'DDR2','PP865597','Verde','512 MB',NULL,NULL,'B','alta',NULL),('MR145','05','PC101','KINGSTON',NULL,'DDR2','PP865617','Verde','512 MB',NULL,NULL,'B','alta',NULL),('MR146','05','PC102','KINGSTON',NULL,'DDR','PP865593  (+','Verde','512 MB',NULL,NULL,'B','alta',NULL),('MR147','05','PC102','KINGSTON',NULL,'DDR','PP865545  (+','Verde','512 MB',NULL,NULL,'B','alta',NULL),('MR148','05','PC103','Spectek',NULL,'DDR266','122100548605','Verde','256 MB',NULL,NULL,'R','alta',NULL),('MR149','05','PC103','KINGSTON',NULL,'DDR','PP865585  (+','Verde','512 MB',NULL,NULL,'B','alta',NULL),('MR150','05','PC104','Spectek',NULL,'DDR 266','122100548605','Verde','256 MB',NULL,NULL,'B','alta',NULL),('MR151','05','PC104','KINGSTON',NULL,'DDR','PP865549  (+','Verde','512 MB',NULL,NULL,'B','alta',NULL),('MR152','05','PC105','Mark Vision PC3200',NULL,NULL,'M2U25664DS88','Verde',NULL,NULL,NULL,'R','alta',NULL),('MR153','05','PC105','KINGSTON',NULL,'DDR','PP865509  (+','Verde',NULL,NULL,NULL,'R','alta',NULL),('MR154','05','PC003','Markvision DDR 400',NULL,NULL,'MDGMV5F36385','Verde','256c/u(512GB)',NULL,NULL,'B','alta',NULL),('MR155','05','PC032','Mark Vision DDR 400',NULL,NULL,'610XR(MVBGB1','Verde','256 MB C/U',NULL,NULL,'B','alta',NULL),('MR156','05','PC102','Mark Vision',NULL,'DDR400(2.5) 256MX8','610XR(MVBGB1','Verde','256MB / 256MB',NULL,NULL,'B','alta',NULL),('OBS001','22','PC005',NULL,NULL,NULL,NULL,NULL,NULL,NULL,NULL,'R','alta',NULL),('OBS002','22','PC071','Cambio de disquetter',NULL,NULL,'S/S N',NULL,NULL,NULL,NULL,NULL,'Baja',NULL),('OBS003','22','PC072',NULL,NULL,NULL,'S/S N',NULL,NULL,NULL,NULL,NULL,'Baja',NULL),('OBS004','22','PC073','Chocan los platos de',NULL,'cambio de HD por Max','S/S N',NULL,NULL,NULL,NULL,NULL,'Baja',NULL),('OBS005','22','PC074','Disco Duro malogrado',NULL,'cambio por Maxtor F1','S/S N',NULL,NULL,NULL,NULL,NULL,'Baja',NULL),('OBS006','22','PC075','Disco Duro malogrado',NULL,'/ ST 380011A 3JV5ZLM','S/S N',NULL,NULL,NULL,NULL,NULL,'Baja',NULL),('OBS007','22','PC076',NULL,NULL,NULL,'S/S N',NULL,NULL,NULL,NULL,NULL,'Baja',NULL),('OBS008','22','PC070','Cambio de Disquetter',NULL,NULL,'S/S N',NULL,NULL,NULL,NULL,NULL,'Baja',NULL),('OBS009','22','PC078',NULL,NULL,NULL,NULL,NULL,NULL,NULL,NULL,'R','alta',NULL),('OBS010','22','PC033','CASE',NULL,NULL,'ILLUSION',NULL,NULL,NULL,NULL,'R','alta',NULL),('OBS011','22','PC077','CASE           -   M',NULL,NULL,NULL,NULL,NULL,NULL,NULL,'R','alta',NULL),('OBS012','22','PC078','CASE             -',NULL,NULL,NULL,NULL,NULL,NULL,NULL,'R','alta',NULL),('PLM001','03','PC001','ASUS AM2+',NULL,'M3N78','93M0AB220289',NULL,'Pura PCIE16',NULL,NULL,'B','alta',NULL),('PLM002','03','PC002','ASUS AM2+',NULL,'M3N78','93M0AB220284',NULL,'Pura PCIE16',NULL,NULL,'B','alta',NULL),('PLM003','03','PC003','BIOSTAR',NULL,NULL,NULL,NULL,NULL,NULL,NULL,'B','alta',NULL),('PLM004','03','PC004','BIOSTAR',NULL,'MCP6PB M2+','T092916476','Rojo',NULL,NULL,NULL,'B','alta',NULL),('PLM005','03','PC005','NFORCE4-A754',NULL,NULL,NULL,'Morada',NULL,NULL,NULL,'B','alta',NULL),('PLM006','03','PC006','BIOSTAR',NULL,'MCP6PB M2+','T092916466','Rojo',NULL,NULL,NULL,'B','alta',NULL),('PLM007','03','PC007','BIOSTAR',NULL,NULL,NULL,NULL,NULL,NULL,NULL,'B','alta',NULL),('PLM008','03','PC008','BIOSTAR',NULL,'MCP6PB M2+','T092916475','Rojo',NULL,NULL,NULL,'B','alta',NULL),('PLM009','03','PC009','INTEL ',NULL,'DP43TF','USTF9430030Z',NULL,NULL,NULL,NULL,'B','alta',NULL),('PLM010','03','PC010','ASUS AM2+',NULL,'M3N78','93M0AB220290',NULL,'Pura PCIE16',NULL,NULL,'B','alta',NULL),('PLM011','03','PC011','INTEL ',NULL,'DP43TF',NULL,NULL,NULL,NULL,NULL,'B','alta',NULL),('PLM012','03','PC012','ASUS AM2+',NULL,'M3N78','93M0AB220285',NULL,'Pura PCIE16',NULL,NULL,'B','alta',NULL),('PLM013','03','PC014','ASUS AM2+',NULL,'M3N78','93M0AB220291',NULL,'Pura PCIE16',NULL,NULL,'B','alta',NULL),('PLM014','03','PC016','ASUS AM2+',NULL,'M3N78','93M0AB220288',NULL,'Pura PCIE16',NULL,NULL,'B','alta',NULL),('PLM015','03','PC019','BIOSTAR',NULL,'MCP6PB M2+','T092916477','Rojo',NULL,NULL,NULL,'B','alta',NULL),('PLM016','03','PC020','MSI  ','PURA','K9N NEO V3','8311303354',NULL,NULL,NULL,NULL,'R','alta',NULL),('PLM017','03','PC021','Intel',NULL,'D945GCNL','BTNL73500S5V','VERDE',NULL,NULL,NULL,'B','alta',NULL),('PLM018','03','PC022','BIOSTAR',NULL,'MCP6PB M2+',NULL,'Rojo',NULL,NULL,NULL,'B','alta',NULL),('PLM019','03','PC023','TFORCE',NULL,'6100 - 939',NULL,NULL,NULL,NULL,NULL,'B','alta',NULL),('PLM020','03','PC024','ASUS',NULL,'M4A78','95MOAB185349',NULL,'Pura PCIE16',NULL,NULL,'B','alta',NULL),('PLM021','03','PC025','ASUS',NULL,'M4A78','95MOAB185347',NULL,'Pura PCIE16',NULL,NULL,'B','alta',NULL),('PLM022','03','PC026','ASUS',NULL,'M4A78','95MOAB185354',NULL,'Pura PCIE16',NULL,NULL,'B','alta',NULL),('PLM023','03','PC027','ASUS',NULL,'M4A78','95MOAB185345',NULL,'Pura PCIE16',NULL,NULL,'B','alta',NULL),('PLM024','03','PC028','ASUS',NULL,'M4A78','95MOAB185346',NULL,'Pura PCIE16',NULL,NULL,'B','alta',NULL),('PLM025','03','PC029','Intel',NULL,'D945GCNL','BTNL73500S74','VERDE',NULL,NULL,NULL,'B','alta',NULL),('PLM026','03','PC030','TFORCE',NULL,'6100-939','A03/N022/CUB',NULL,NULL,NULL,NULL,'B','alta',NULL),('PLM027','03','PC031','INTEL',NULL,'D95GCNL','BTNL72701P4E',NULL,NULL,NULL,NULL,'B','alta',NULL),('PLM028','03','PC032','K8M800-M7A',NULL,NULL,NULL,'Roja',NULL,NULL,NULL,'B','alta',NULL),('PLM029','03','PC033','INTEL',NULL,'D945GCNL(B)','BTNL73500SBF',NULL,NULL,NULL,NULL,'B','alta',NULL),('PLM030','03','PC034','MSI  K9N6PGM2',NULL,NULL,NULL,NULL,'INTEGRADA',NULL,NULL,'R','alta',NULL),('PLM031','03','PC035','INTEL',NULL,'D945GCNL(B)','BTNL73500S6V',NULL,NULL,NULL,NULL,'B','alta',NULL),('PLM032','03','PC036','MS-7309  K9N6PGM2-V',NULL,NULL,NULL,NULL,NULL,NULL,NULL,'R','alta',NULL),('PLM033','03','PC037','Intel',NULL,'D945GCNL','BTNL73500S7A',NULL,NULL,NULL,NULL,'B','alta',NULL),('PLM034','03','PC069','GENIUS',NULL,'NetScroll 120','X56158306028',NULL,'NEGRO',NULL,NULL,NULL,'Baja',NULL),('PLM035','03','PC038','MSI  K9N6PGM2',NULL,NULL,NULL,NULL,NULL,NULL,NULL,'R','alta',NULL),('PLM036','03','PC039','Intel',NULL,'D945GCVL','BTNL736007JM',NULL,NULL,NULL,NULL,'B','alta',NULL),('PLM037','03','PC040','MSI  K9N6PGM2',NULL,NULL,NULL,NULL,NULL,NULL,NULL,'R','alta',NULL),('PLM038','03','PC070','GENIUS',NULL,'NetScroll 120','X56158306036',NULL,'NEGRO',NULL,NULL,NULL,'Baja',NULL),('PLM039','03','PC041','GIGABYTE',NULL,'GA-880GM-UD2H','AGA03302571',NULL,NULL,NULL,NULL,'B','alta',NULL),('PLM040','03','PC042','GIGABYTE',NULL,NULL,'AGA03304730',NULL,NULL,NULL,NULL,'B','alta',NULL),('PLM041','03','PC063','GIGABITE',NULL,NULL,'AG516900054',NULL,NULL,NULL,NULL,'B','alta',NULL),('PLM042','03','PC064','GIGABITE',NULL,'GD-770T-USB3','AGS17900493',NULL,NULL,NULL,NULL,'B','alta',NULL),('PLM043','03','PC065','GIGABITE',NULL,NULL,'AG3I3103815',NULL,NULL,NULL,NULL,'B','alta',NULL),('PLM044','03','PC066','GIGABITE',NULL,'6A-77DT-USB3','A6313104319',NULL,NULL,NULL,NULL,'B','alta',NULL),('PLM045','03','PC069','Intel / D815EEA2',NULL,NULL,'IME221208607',NULL,'Verde',NULL,NULL,'B','Baja',NULL),('PLM046','03','PC070','Intel / D815EEA2',NULL,NULL,'IME221403484',NULL,'Verde',NULL,NULL,'B','Baja',NULL),('PLM047','03','PC071','Intel / D815EEA2',NULL,NULL,'IME221304886',NULL,'Verde',NULL,NULL,'B','Baja',NULL),('PLM048','03','PC072','Soyo / SI6VBA133',NULL,NULL,'S/N',NULL,'Verde',NULL,NULL,'R','Baja',NULL),('PLM049','03','PC073','Intel / D 845 WN',NULL,NULL,'AZWN24819327',NULL,'Verde',NULL,NULL,'R','Baja',NULL),('PLM050','03','PC074','Intel / D815EEA2',NULL,NULL,'IME221303014',NULL,'Verde',NULL,NULL,'R','Baja',NULL),('PLM051','03','PC075','Intel D815EEA2',NULL,NULL,'IME221403501',NULL,'Verde',NULL,NULL,'R','Baja',NULL),('PLM052','03','PC076','Intel D815EPE2U',NULL,NULL,'S/S N',NULL,'Verde',NULL,NULL,'R','Baja',NULL),('PLM053','03','PC077','Intel / D845EPI',NULL,NULL,'BQPI40511923','Verde','64 Bits',NULL,NULL,'B','alta',NULL),('PLM054','03','PC078','FC/ MS-6712VER',NULL,NULL,'2900517397','Rojo',NULL,NULL,NULL,'B','alta',NULL),('PLM055','03','PC079','Intel  D845 PESV',NULL,NULL,'AZSV31908807','Verde',NULL,NULL,NULL,'B','alta',NULL),('PLM056','03','PC080','Intel',NULL,'D845 PES V','AZSV31909401','Verde',NULL,NULL,NULL,'B','alta',NULL),('PLM057','03','PC081','Intel',NULL,'D845PEMI','BTMY44701271','Verde',NULL,NULL,NULL,'B','alta',NULL),('PLM058','03','PC082','Intel',NULL,'D845 GEBV2','AZSV31909281','Verde',NULL,NULL,NULL,'B','alta',NULL),('PLM059','03','PC083','Intel',NULL,'D845 GEBV2/D845 PESV','AZSV31909360','Verde',NULL,NULL,NULL,'B','alta',NULL),('PLM060','03','PC084','Intel',NULL,'D815EEA2','IME221304975','Verde',NULL,NULL,NULL,'B','alta',NULL),('PLM061','03','PC085','Intel',NULL,'D815EPEA2','IME221403339','Verde',NULL,NULL,NULL,'B','alta',NULL),('PLM062','03','PC086','Intel 845 PES V2',NULL,'D845GEBV2','AZSV31906677','Verde','1,8 Ghz',NULL,NULL,'B','alta',NULL),('PLM063','03','PC087','SOYO',NULL,'SY-6VBA133',NULL,'Verde',NULL,NULL,NULL,'M','alta',NULL),('PLM064','03','PC071','GENIUS',NULL,'NetScroll 120','X56158306037',NULL,'NEGRO',NULL,NULL,NULL,'Baja',NULL),('PLM065','03','PC092','BIOESTAR MCP6P M2',NULL,NULL,'KWD8900152001',NULL,NULL,NULL,NULL,NULL,'alta',NULL),('PLM066','03','PC093','BIOESTAR MCP6P M2',NULL,NULL,'K08370114',NULL,NULL,NULL,NULL,NULL,'alta',NULL),('PLM067','03','PC094','BIOESTAR MCP6P M2',NULL,NULL,'KWD8900151999',NULL,NULL,NULL,NULL,NULL,'alta',NULL),('PLM068','03','PC095','BIOESTAR MCP6P M2',NULL,NULL,'K083701116',NULL,NULL,NULL,NULL,NULL,'alta',NULL),('PLM069','03','PC096','Intel',NULL,'D845EPI','BQPI40500972','Verde',NULL,NULL,NULL,'R','alta',NULL),('PLM070','03','PC097','Intel',NULL,'D815EEA2','IME221104048','Verde',NULL,NULL,NULL,'B','alta',NULL),('PLM071','03','PC099','Intel Lemont',NULL,'DP965LT','AZLT711001JR',NULL,NULL,NULL,NULL,'B','alta',NULL),('PLM072','03','PC100','INTEL LEMONT',NULL,'DP965LT','AZLT711001JC',NULL,NULL,NULL,NULL,'B','alta',NULL),('PLM073','03','PC101','PC Chip',NULL,'K8 M800-M7A',NULL,'Roja',NULL,NULL,NULL,'B','alta',NULL),('PLM074','03','PC102','K8 M800-M7A',NULL,NULL,NULL,NULL,NULL,NULL,NULL,'B','alta',NULL),('PLM075','03','PC103','Intel',NULL,'D845 PESV','AZSV31908951','Verde',NULL,NULL,NULL,'B','alta',NULL),('PLM076','03','PC104','Intel',NULL,'D845 GEBV2','AZSV31907303','Verde',NULL,NULL,NULL,'B','alta',NULL),('PLM077','03','PC105','Intel',NULL,'D845  EPI','BQIA0500178','Verde',NULL,NULL,NULL,'R','alta',NULL),('PLM078','03','PC013','MSI',NULL,'N1996','601-7309-130B0908361468',NULL,'PC 10 EN REDES',NULL,NULL,'R','alta',NULL),('PLM079','03','PC072','GENIUS',NULL,'NetScroll 120','X56158306038',NULL,'NEGRO',NULL,NULL,NULL,'Baja',NULL),('PLM080','03','PC015','MSI',NULL,'N1996','6017309130B0908361467',NULL,'PC 11 EN REDES',NULL,NULL,'R','alta',NULL),('PLM081','03','PC017','MSI',NULL,'N-1996','601-7309-130B09008361476',NULL,'EQUIPO 12 REDES',NULL,NULL,'R','alta',NULL),('PLM082','03','PC018','MSI',NULL,'N1996','601-7309-130B09C8361480',NULL,'EQUIPO 13 REDES',NULL,NULL,'R','alta',NULL),('PLM083','03','PC073','GENIUS',NULL,'NetScroll 120','X56158306042',NULL,'NEGRO',NULL,NULL,NULL,'Baja',NULL),('PLM084','03','PC043','ASUS',NULL,NULL,'C7MOAD573075',NULL,NULL,NULL,NULL,'B','alta',NULL),('PLM085','03','PC044','ASUS',NULL,NULL,'C7MOAD572999',NULL,NULL,NULL,NULL,'B','alta',NULL),('PLM086','03','PC045','ASUS',NULL,NULL,'C7MOAD573077',NULL,NULL,NULL,NULL,'B','alta',NULL),('PLM087','03','PC046','ASUS',NULL,NULL,'C7MOAD573076',NULL,NULL,NULL,NULL,'B','alta',NULL),('PLM088','03','PC047','ASUS',NULL,NULL,'C7MOAD573078',NULL,NULL,NULL,NULL,'B','alta',NULL),('PLM089','03','PC048','ASUS',NULL,NULL,'C7MOAD573165',NULL,NULL,NULL,NULL,'B','alta',NULL),('PLM090','03','PC049','ASUS',NULL,NULL,'C7MOAD573169',NULL,NULL,NULL,NULL,'B','alta',NULL),('PLM091','03','PC050','ASUS',NULL,NULL,'C7MOAD573190',NULL,NULL,NULL,NULL,'B','alta',NULL),('PLM092','03','PC051','GIGABYTE','PURA','GA-MA770T-UD3',NULL,NULL,NULL,NULL,NULL,'B','alta',NULL),('PLM093','03','PC052','GIGABYTE','PURA','GA-MA770T-UD3',NULL,NULL,NULL,NULL,NULL,'B','alta',NULL),('PLM094','03','PC053','GIGABYTE','PURA','GA-MA770T-UD3',NULL,NULL,NULL,NULL,NULL,'B','alta',NULL),('PLM095','03','PC054','GIGABYTE','PURA','GA-MA770T-UD3',NULL,NULL,NULL,NULL,NULL,'B','alta',NULL),('PLM096','03','PC055','ASUS',NULL,NULL,'C7MOAD573136',NULL,NULL,NULL,NULL,'R','alta',NULL),('PLM097','03','PC056','ASUS',NULL,NULL,'C7MOAD573135',NULL,NULL,NULL,NULL,'R','alta',NULL),('PLM098','03','PC057','ASUS',NULL,NULL,'C7MOAD573080',NULL,NULL,NULL,NULL,'R','alta',NULL),('PLM099','03','PC058','ASUS',NULL,NULL,'C7MOAD573081',NULL,NULL,NULL,NULL,'R','alta',NULL),('PLM100','03','PC059','ASUS',NULL,NULL,'C7MOAD573082',NULL,NULL,NULL,NULL,'B','alta',NULL),('PLM101','03','PC060','ASUS',NULL,NULL,'C7MOAD573083',NULL,NULL,NULL,NULL,'B','alta',NULL),('PLM102','03','PC061','ASUS',NULL,NULL,'C7MOAD573084',NULL,NULL,NULL,NULL,'B','alta',NULL),('PLM103','03','PC062','ASUS',NULL,NULL,'C7MOAD573079',NULL,NULL,NULL,NULL,'B','alta',NULL),('PLM104','03','PC067','MSI',NULL,'N1996','601-7309-130B0908361475',NULL,NULL,NULL,NULL,'R','alta',NULL),('PLM105','03','PC068','HP',NULL,'576924-001','PAZHNA1WGYI080',NULL,NULL,NULL,NULL,'B','alta',NULL),('PLM106','03','PC088','BIOESTAR MCP6P M2',NULL,NULL,'KWD8900152415',NULL,NULL,NULL,NULL,'R','alta',NULL),('PLM107','03','PC089','BIOESTAR MCP6P M2',NULL,NULL,'KWD880753890',NULL,NULL,NULL,NULL,'R','alta',NULL),('PLM108','03','PC090','BIOESTAR MCP6P M2',NULL,NULL,'KWD8900152073',NULL,NULL,NULL,NULL,'R','alta',NULL),('PLM109','03','PC074','GENIUS',NULL,'NetScroll 120','X55979701243',NULL,'NEGRO',NULL,NULL,NULL,'Baja',NULL),('PLM110','03','PC091','BIOESTAR ',NULL,'MCP6P M2','KWD8900152069',NULL,NULL,NULL,NULL,'R','alta',NULL),('TEC001','13','PC001','HALION',NULL,NULL,NULL,'NEGRO',NULL,NULL,NULL,'R','alta',NULL),('TEC002','13','PC002','BTC',NULL,'5106 SP','I21200198','BLANCO',NULL,NULL,NULL,'R','alta',NULL),('TEC003','13','PC003','GENIUS           -',NULL,'K-639','ZM6B02116660',NULL,NULL,NULL,NULL,'R','alta',NULL),('TEC004','13','PC004','GENIUS              ',NULL,'K-639','ZM6B02116655','NEGRO',NULL,NULL,NULL,'R','alta',NULL),('TEC005','13','PC005','GENIUS',NULL,'K639','ZMGB0211664',NULL,NULL,NULL,NULL,'R','alta',NULL),('TEC006','13','PC006','LABTEC',NULL,'Y-SAC64','P/N 867571-0','NEGRO',NULL,NULL,NULL,'R','alta',NULL),('TEC007','13','PC007','GENIUS              ',NULL,'KC39','ZM6B02116659',NULL,NULL,NULL,NULL,'R','alta',NULL),('TEC008','13','PC008','GENIUS',NULL,'K639','ZM6B02116662',NULL,NULL,NULL,NULL,'R','alta',NULL),('TEC009','13','PC076','GENIUS',NULL,'NetScroll 120','X55979701246',NULL,'NEGRO',NULL,NULL,NULL,'Baja',NULL),('TEC010','13','PC009','BTC',NULL,'5106 SP','G5090088452','BLANCO','baja /pc 38',NULL,NULL,'B','alta',NULL),('TEC011','13','PC010','LABTEC',NULL,'YSAC-64','867571-0104',NULL,NULL,NULL,NULL,'R','alta',NULL),('TEC012','13','PC011','BTC',NULL,'5106 SP','G5090088452',NULL,NULL,NULL,NULL,NULL,'alta',NULL),('TEC013','13','PC012','BTC',NULL,'5106 SP','G5290035734','BLANCO',NULL,NULL,NULL,'R','alta',NULL),('TEC014','13','PC013','CIBERTEL',NULL,'CYBK138','1800K138P1110',NULL,NULL,NULL,NULL,'R','alta',NULL),('TEC015','13','PC014','BTC',NULL,'5106 SP','I21200199','BLANCO',NULL,NULL,NULL,'R','alta',NULL),('TEC016','13','PC015','MOUSE GENIUS',NULL,'GM-03022P','159888207148',NULL,NULL,NULL,NULL,'R','alta',NULL),('TEC017','13','PC016','BTC',NULL,'5199','J11627932',NULL,NULL,NULL,NULL,'R','alta',NULL),('TEC018','13','PC017','CYBERTEL',NULL,'CBYK138','1800K138P1106',NULL,NULL,NULL,NULL,'R','alta',NULL),('TEC019','13','PC018','CYBERTEL',NULL,'CYBK138','1800K138P1109',NULL,NULL,NULL,NULL,'R','alta',NULL),('TEC020','13','PC019','BTC',NULL,'5199','H10807857',NULL,NULL,NULL,NULL,'R','alta',NULL),('TEC021','13','PC020','BTC',NULL,'5106 SP','G5140035819',NULL,NULL,NULL,NULL,'R','alta',NULL),('TEC022','13','PC021','CYBERLINK',NULL,NULL,NULL,NULL,'MULTIMEDIA',NULL,NULL,'B','alta',NULL),('TEC023','13','PC022','BTC',NULL,'5106SP','G5250007197','NEGRO',NULL,NULL,NULL,'B','alta',NULL),('TEC024','13','PC023','BTC',NULL,'5106SP','C6160045606','Negro',NULL,NULL,NULL,'B','alta',NULL),('TEC025','13','PC024','HALION',NULL,'KM-1008',NULL,NULL,NULL,NULL,NULL,'B','alta',NULL),('TEC026','13','PC025','HALION',NULL,'KM-1008',NULL,NULL,NULL,NULL,NULL,'B','alta',NULL),('TEC027','13','PC026','HALION',NULL,'KM-1008',NULL,NULL,NULL,NULL,NULL,'B','alta',NULL),('TEC028','13','PC027','HALION',NULL,'KM-1008',NULL,NULL,NULL,NULL,NULL,'B','alta',NULL),('TEC029','13','PC028','HALION',NULL,'KM-1008',NULL,NULL,NULL,NULL,NULL,'B','alta',NULL),('TEC030','13','PC029','CIBERLINK',NULL,NULL,NULL,NULL,NULL,NULL,NULL,'R','alta',NULL),('TEC031','13','PC030','BTC',NULL,'5106 SP','I21200195',NULL,NULL,NULL,NULL,'R','alta',NULL),('TEC032','13','PC031','CYBERLINK',NULL,NULL,NULL,NULL,NULL,NULL,NULL,'R','alta',NULL),('TEC033','13','PC032','LABTEC',NULL,'Y-SAC64','867571-0104','NEGRO',NULL,NULL,NULL,'B','alta',NULL),('TEC034','13','PC033','CYBERLINK',NULL,NULL,NULL,NULL,NULL,NULL,NULL,'B','alta',NULL),('TEC035','13','PC034','GENIUS - K639',NULL,NULL,'ZM8802072252',NULL,NULL,NULL,NULL,'R','alta',NULL),('TEC036','13','PC035','CYBERLINK',NULL,NULL,NULL,'NEGRO/PLOM',NULL,NULL,NULL,'R','alta',NULL),('TEC037','13','PC036','GENIUS - K639',NULL,NULL,'ZM8802072253',NULL,NULL,NULL,NULL,'R','alta',NULL),('TEC038','13','PC037','CYBERLINK',NULL,NULL,NULL,NULL,NULL,NULL,NULL,'B','alta',NULL),('TEC039','13','PC038','GENIUS - K639',NULL,NULL,'ZM8802072254',NULL,NULL,NULL,NULL,'R','alta',NULL),('TEC040','13','PC039','CYBERLINK',NULL,NULL,NULL,NULL,NULL,NULL,NULL,'B','alta',NULL),('TEC041','13','PC040','GENIUS- K639',NULL,NULL,'ZM8802072251',NULL,NULL,NULL,NULL,'R','alta',NULL),('TEC042','13','PC041','BENG',NULL,NULL,'FJP1MP1QS9AC08636OA0000',NULL,NULL,NULL,NULL,'B','alta',NULL),('TEC043','13','PC042','BENG',NULL,NULL,'FJP1MP1QS9AC08633OA0000',NULL,NULL,NULL,NULL,'B','alta',NULL),('TEC044','13','PC051','GENIUS','PS2','K645','ZM0807000492',NULL,NULL,NULL,NULL,'B','alta',NULL),('TEC045','13','PC052','GENIUS',NULL,'K645','ZM0807000493',NULL,NULL,NULL,NULL,'B','alta',NULL),('TEC046','13','PC053','GENIUS',NULL,'K645','ZM0807000491',NULL,NULL,NULL,NULL,'B','alta',NULL),('TEC047','13','PC054','GENIUS',NULL,'K645','ZM0807000494',NULL,NULL,NULL,NULL,'B','alta',NULL),('TEC048','13','PC063','GENIUS',NULL,'K645','ZM0307019452',NULL,NULL,NULL,NULL,'B','alta',NULL),('TEC049','13','PC064','GENIUS',NULL,'K645','ZM0307019453',NULL,NULL,NULL,NULL,'B','alta',NULL),('TEC050','13','PC065','GENIUS',NULL,'K645','ZM0307018150',NULL,NULL,NULL,NULL,'B','alta',NULL),('TEC051','13','PC066','GENIUS',NULL,'K645','ZM0307019454',NULL,NULL,NULL,NULL,'B','alta',NULL),('TEC052','13','PC067','CIBERTEL',NULL,'CYBK138','800K138P1108',NULL,NULL,NULL,NULL,'R','alta',NULL),('TEC053','13','PC068','HP',NULL,'KB-0316','BAVDROJVBYL3R2',NULL,NULL,NULL,NULL,'B','alta',NULL),('TEC054','13','PC069','BTC',NULL,'5106 SP','G5140024232','BLANCO-PLO',NULL,NULL,NULL,'B','Baja',NULL),('TEC055','13','PC070','BTC',NULL,'5106 SP','I21207765',NULL,'BLANCO HUMO',NULL,NULL,'B','Baja',NULL),('TEC056','13','PC071','BTC',NULL,'5199','J11617220',NULL,'BLANCO HUMO',NULL,NULL,'B','Baja',NULL),('TEC057','13','PC072','BTC',NULL,'5106 SP','G5290035737',NULL,'BLANCO-PLOMO',NULL,NULL,'R','Baja',NULL),('TEC058','13','PC073','BTC',NULL,'5106 SP','G09407022451',NULL,'BLANCO',NULL,NULL,'R','Baja',NULL),('TEC059','13','PC074','BTC',NULL,'5106 SP','G5290035733',NULL,'BLANCO-PLOMO',NULL,NULL,'B','Baja',NULL),('TEC060','13','PC075','BTC',NULL,'5199','J11617694',NULL,'BLANCO-HUMO',NULL,NULL,'R','Baja',NULL),('TEC061','13','PC076','BTC',NULL,'5106 SP','G5250007192',NULL,'NEGRO',NULL,NULL,'R','Baja',NULL),('TEC062','13','PC082','BTC',NULL,'5106 SP','G5090088456','BLANCO',NULL,NULL,NULL,'R','alta',NULL),('TEC063','13','PC083','BTC',NULL,'5106 SP','I21207764',NULL,NULL,NULL,NULL,'R','alta',NULL),('TEC064','13','PC084','BTC',NULL,'5199','J11623558','BLANCO',NULL,NULL,NULL,'R','alta',NULL),('TEC065','13','PC085','BTC',NULL,'5106 SP','G09407023248','BLANCO',NULL,NULL,NULL,'R','alta',NULL),('TEC066','13','PC086','BTC',NULL,'5106 SP','G09313043374','BLANCO',NULL,NULL,NULL,'R','alta',NULL),('TEC067','13','PC087','BTC',NULL,'5199','G09413016791',NULL,NULL,NULL,NULL,'R','alta',NULL),('TEC068','13','PC088','AVATEC',NULL,NULL,'SIN SERIE','MULTIMEDIA',NULL,NULL,NULL,'R','alta',NULL),('TEC069','13','PC089','AVATEC',NULL,NULL,'SIN SERIE','MULTIMEDIA',NULL,NULL,NULL,'R','alta',NULL),('TEC070','13','PC090','AVATEC',NULL,NULL,'SIN SERIE','MULTIMEDIA',NULL,NULL,NULL,'R','alta',NULL),('TEC071','13','PC091','AVATEC',NULL,NULL,'SIN SERIE','MULTIMEDIA',NULL,NULL,NULL,'R','alta',NULL),('TEC072','13','PC092','AVATEC',NULL,NULL,NULL,NULL,NULL,NULL,NULL,NULL,'alta',NULL),('TEC073','13','PC093','AVATEC',NULL,NULL,NULL,NULL,NULL,NULL,NULL,NULL,'alta',NULL),('TEC074','13','PC094','AVATEC',NULL,NULL,NULL,'NEGRO CON ',NULL,NULL,NULL,NULL,'alta',NULL),('TEC075','13','PC095','AVATEC',NULL,NULL,NULL,NULL,NULL,NULL,NULL,NULL,'alta',NULL),('TEC076','13','PC096','BTC',NULL,'5106SP','G5090088118','BLANCO',NULL,NULL,NULL,'R','alta',NULL),('TEC077','13','PC097','BTC',NULL,'5106 SP','L15005636','BLANCO',NULL,NULL,NULL,'B','alta',NULL),('TEC078','13','PC098','BTC',NULL,'5106 SP','G5250007199','NEGRO',NULL,NULL,NULL,'B','alta',NULL),('TEC079','13','PC099','LOGITECH         -',NULL,'Y-SAE71','820-000345',NULL,NULL,NULL,NULL,'B','alta',NULL),('TEC080','13','PC100','BENQ',NULL,'I100-P','9JP1MP1U8S74',NULL,NULL,NULL,NULL,'B','alta',NULL),('TEC081','13','PC101','LABTEC',NULL,'Y-SAC64','867571-0104',NULL,NULL,NULL,NULL,'B','alta',NULL),('TEC082','13','PC102','BTC',NULL,'5106 SP','G5250007195',NULL,NULL,NULL,NULL,'B','alta',NULL),('TEC083','13','PC103','BTC',NULL,'5106 SP','G09313043374','BLANCO',NULL,NULL,NULL,'M','alta',NULL),('TEC084','13','PC104','BTC',NULL,'5199','G09413016791',NULL,NULL,NULL,NULL,'M','alta',NULL),('TEMO01','19','PC043','GENIUS',NULL,NULL,'XEC807010316',NULL,NULL,NULL,NULL,'B','alta',NULL),('TEMO02','19','PC044','GENIUS',NULL,NULL,'XEC807010317',NULL,NULL,NULL,NULL,'B','alta',NULL),('TEMO03','19','PC045','GENIUS',NULL,NULL,'XEC807010318',NULL,NULL,NULL,NULL,'B','alta',NULL),('TEMO04','19','PC046','GENIUS',NULL,NULL,'XEC807010319',NULL,NULL,NULL,NULL,'B','alta',NULL),('TEMO05','19','PC047','GENIUS',NULL,NULL,'XEC807010320',NULL,NULL,NULL,NULL,'B','alta',NULL),('TEMO06','19','PC048','GENIUS',NULL,NULL,'XEC807010312',NULL,NULL,NULL,NULL,'B','alta',NULL),('TEMO07','19','PC049','GENIUS',NULL,NULL,'XEC807010313',NULL,NULL,NULL,NULL,'B','alta',NULL),('TEMO08','19','PC050','GENIUS',NULL,NULL,'XEC507013779',NULL,NULL,NULL,NULL,'B','alta',NULL),('TEMO09','19','PC055','GENIUS',NULL,NULL,'XEC507040904',NULL,NULL,NULL,NULL,'R','alta',NULL),('TEMO10','19','PC056','GENIUS',NULL,NULL,'XEC507040902',NULL,NULL,NULL,NULL,'R','alta',NULL),('TEMO11','19','PC057','GENIUS',NULL,NULL,'XEC407060942',NULL,NULL,NULL,NULL,'R','alta',NULL),('TEMO12','19','PC058','GENIUS',NULL,NULL,'XEC807010315',NULL,NULL,NULL,NULL,'R','alta',NULL),('TEMO13','19','PC059','GENIUS',NULL,NULL,'XEC807010314',NULL,NULL,NULL,NULL,'B','alta',NULL),('TEMO14','19','PC060','GENIUS',NULL,NULL,'XEC407060950',NULL,NULL,NULL,NULL,'B','alta',NULL),('TEMO15','19','PC061','GENIUS',NULL,NULL,'XEC407060948',NULL,NULL,NULL,NULL,'B','alta',NULL),('TEMO16','19','PC062','GENIUS',NULL,NULL,'XEC507040907',NULL,NULL,NULL,NULL,'B','alta',NULL),('TR001','07','PC001',NULL,NULL,NULL,NULL,NULL,'Integrada',NULL,NULL,'B','alta',NULL),('TR002','07','PC002',NULL,NULL,NULL,NULL,NULL,'Integrada',NULL,NULL,'B','alta',NULL),('TR003','07','PC003','Incorporada',NULL,NULL,NULL,NULL,NULL,NULL,NULL,'B','alta',NULL),('TR004','07','PC004','Incorporada',NULL,NULL,NULL,NULL,NULL,NULL,NULL,'B','alta',NULL),('TR005','07','PC005','Incorporada',NULL,NULL,NULL,NULL,NULL,NULL,NULL,'B','alta',NULL),('TR006','07','PC006','Incorporada',NULL,NULL,NULL,NULL,NULL,NULL,NULL,'B','alta',NULL),('TR007','07','PC007',NULL,NULL,'52000032601','9130TX2AC100',NULL,NULL,NULL,NULL,'B','alta',NULL),('TR008','07','PC008','Incorporada',NULL,NULL,NULL,NULL,NULL,NULL,NULL,'B','alta',NULL),('TR009','07','PC009','Incorporada',NULL,'832-VIA','1229011342C1','Azul',NULL,NULL,NULL,'B','alta',NULL),('TR010','07','PC010',NULL,NULL,NULL,NULL,NULL,'Integrada',NULL,NULL,'B','alta',NULL),('TR011','07','PC011','Incorporada',NULL,'832-VIA',NULL,'Azul',NULL,NULL,NULL,'B','alta',NULL),('TR012','07','PC012',NULL,NULL,NULL,NULL,NULL,'Integrada',NULL,NULL,'B','alta',NULL),('TR013','07','PC013','Incorporada',NULL,NULL,NULL,NULL,NULL,NULL,NULL,'R','alta',NULL),('TR014','07','PC014',NULL,NULL,NULL,NULL,NULL,'Integrada',NULL,NULL,'B','alta',NULL),('TR015','07','PC015',NULL,NULL,NULL,NULL,NULL,NULL,NULL,NULL,'R','alta',NULL),('TR016','07','PC016',NULL,NULL,NULL,NULL,NULL,'Integrada',NULL,NULL,'B','alta',NULL),('TR017','07','PC017','INCORPORADA',NULL,NULL,NULL,NULL,NULL,NULL,NULL,'R','alta',NULL),('TR018','07','PC018',NULL,NULL,NULL,NULL,NULL,NULL,NULL,NULL,'R','alta',NULL),('TR019','07','PC019',NULL,NULL,NULL,'9130TX2AC100','Verde',NULL,NULL,NULL,'B','alta',NULL),('TR020','07','PC020','Incorporada',NULL,NULL,NULL,NULL,NULL,NULL,NULL,'R','alta',NULL),('TR021','07','PC021','Incorporada',NULL,NULL,NULL,NULL,NULL,NULL,NULL,'R','alta',NULL),('TR022','07','PC022','Incorporada',NULL,NULL,NULL,NULL,NULL,NULL,NULL,'B','alta',NULL),('TR023','07','PC023','Incorporada',NULL,NULL,NULL,NULL,NULL,NULL,NULL,'R','alta',NULL),('TR024','07','PC024',NULL,NULL,NULL,NULL,NULL,'Integrada',NULL,NULL,'B','alta',NULL),('TR025','07','PC025',NULL,NULL,NULL,NULL,NULL,'Integrada',NULL,NULL,'B','alta',NULL),('TR026','07','PC026',NULL,NULL,NULL,NULL,NULL,'Integrada',NULL,NULL,'B','alta',NULL),('TR027','07','PC027',NULL,NULL,NULL,NULL,NULL,'Integrada',NULL,NULL,'B','alta',NULL),('TR028','07','PC028',NULL,NULL,NULL,NULL,NULL,'Integrada',NULL,NULL,'B','alta',NULL),('TR029','07','PC029','Incorporada',NULL,NULL,NULL,NULL,NULL,NULL,NULL,'R','alta',NULL),('TR030','07','PC030','Incorporada',NULL,NULL,NULL,NULL,NULL,NULL,NULL,'B','alta',NULL),('TR031','07','PC031','Incorporada',NULL,NULL,NULL,NULL,NULL,NULL,NULL,'B','alta',NULL),('TR032','07','PC032','Incorporada',NULL,NULL,NULL,NULL,NULL,NULL,NULL,'R','alta',NULL),('TR033','07','PC033','Incorporada',NULL,NULL,NULL,NULL,NULL,NULL,NULL,'R','alta',NULL),('TR034','07','PC034','Incorporada',NULL,NULL,NULL,NULL,NULL,NULL,NULL,'R','alta',NULL),('TR035','07','PC035','Incorporada',NULL,NULL,NULL,NULL,NULL,NULL,NULL,'B','alta',NULL),('TR036','07','PC036','Incorporada',NULL,NULL,NULL,NULL,NULL,NULL,NULL,'R','alta',NULL),('TR037','07','PC037','Incorporado',NULL,NULL,NULL,NULL,NULL,NULL,NULL,'B','alta',NULL),('TR038','07','PC038','Incorporada',NULL,NULL,NULL,NULL,NULL,NULL,NULL,'R','alta',NULL),('TR039','07','PC039','Incorporada',NULL,NULL,NULL,NULL,NULL,NULL,NULL,'B','alta',NULL),('TR040','07','PC040','Incorporada',NULL,NULL,NULL,NULL,NULL,NULL,NULL,'R','alta',NULL),('TR041','07','PC041','INTEGRADA',NULL,NULL,NULL,NULL,NULL,NULL,NULL,'B','alta',NULL),('TR042','07','PC042','INTEGRADA',NULL,NULL,NULL,NULL,NULL,NULL,NULL,'B','alta',NULL),('TR043','07','PC051','INCORPORADO',NULL,NULL,NULL,NULL,NULL,NULL,NULL,'B','alta',NULL),('TR044','07','PC052','INCORPORADO',NULL,NULL,NULL,NULL,NULL,NULL,NULL,'B','alta',NULL),('TR045','07','PC053','INCORPORADO',NULL,NULL,NULL,NULL,NULL,NULL,NULL,'B','alta',NULL),('TR046','07','PC054','INCORPORADO',NULL,NULL,NULL,NULL,NULL,NULL,NULL,'B','alta',NULL),('TR047','07','PC055','INCORPORADO',NULL,NULL,NULL,NULL,NULL,NULL,NULL,'R','alta',NULL),('TR048','07','PC056','INCORPORADO',NULL,NULL,NULL,NULL,NULL,NULL,NULL,'R','alta',NULL),('TR049','07','PC057','INCORPORADO',NULL,NULL,NULL,NULL,NULL,NULL,NULL,'R','alta',NULL),('TR050','07','PC058','INCORPORADO',NULL,NULL,NULL,NULL,NULL,NULL,NULL,'R','alta',NULL),('TR051','07','PC059','INCORPORADO',NULL,NULL,NULL,NULL,NULL,NULL,NULL,'B','alta',NULL),('TR052','07','PC060','INCORPORADO',NULL,NULL,NULL,NULL,NULL,NULL,NULL,'B','alta',NULL),('TR053','07','PC061','INCORPORADO',NULL,NULL,NULL,NULL,NULL,NULL,NULL,'B','alta',NULL),('TR054','07','PC062','INCORPORADO',NULL,NULL,NULL,NULL,NULL,NULL,NULL,'B','alta',NULL),('TR055','07','PC063','INCORPORADA',NULL,NULL,NULL,NULL,NULL,NULL,NULL,'B','alta',NULL),('TR056','07','PC064',NULL,NULL,NULL,NULL,NULL,NULL,NULL,NULL,'B','alta',NULL),('TR057','07','PC065','INCORPORADA',NULL,NULL,NULL,NULL,NULL,NULL,NULL,'B','alta',NULL),('TR058','07','PC066',NULL,NULL,NULL,NULL,NULL,NULL,NULL,NULL,'B','alta',NULL),('TR059','07','PC067','Incorporada',NULL,NULL,NULL,NULL,NULL,NULL,NULL,'R','alta',NULL),('TR060','07','PC068','Incorporada',NULL,NULL,NULL,'2 ENTRADAS',NULL,NULL,NULL,'B','alta',NULL),('TR061','07','PC069','Modelo - HEMX2021-02',NULL,NULL,'9130TX2AC100','Verde',NULL,NULL,NULL,'B','Baja',NULL),('TR062','07','PC070','Modelo - NIC-1010T1/',NULL,NULL,'CN03K0216461',NULL,'Verde',NULL,NULL,'B','Baja',NULL),('TR063','07','PC071','Modelo 16PT85154026',NULL,NULL,'122000202F05',NULL,'Verde',NULL,NULL,'B','Baja',NULL),('TR064','07','PC072','Modelo 16PT 85150122',NULL,NULL,'3892B889',NULL,'Verde',NULL,NULL,'R','Baja',NULL),('TR065','07','PC073','Modelo 20 PTM 04B',NULL,NULL,'9130TX2AC310',NULL,'Verde',NULL,NULL,'M','Baja',NULL),('TR066','07','PC074','Modelo 16 PT 8515 - ',NULL,NULL,'122000202 F0',NULL,'Verde',NULL,NULL,'M','Baja',NULL),('TR067','07','PC075','Modelo 16PT 85150138',NULL,NULL,'CN03K0216461',NULL,'Verde',NULL,NULL,'M','Baja',NULL),('TR068','07','PC076','ENH 832-T',NULL,NULL,'I22000202F05',NULL,'Verde',NULL,NULL,'R','Baja',NULL),('TR069','07','PC077','Modelo - NIC',NULL,NULL,'1229011342C1','Azul',NULL,NULL,NULL,'B','alta',NULL),('TR070','07','PC078','CEF',NULL,NULL,'9130TX2AC100','Verde',NULL,NULL,NULL,'B','alta',NULL),('TR071','07','PC079','VIA BT6105',NULL,'ENL832-TX-VA','122901023344','Azul',NULL,NULL,NULL,'B','alta',NULL),('TR072','07','PC080','ENCORE',NULL,'ENL832-TX-VA','122901023344',NULL,NULL,NULL,NULL,'B','alta',NULL),('TR073','07','PC081','Incorporada',NULL,NULL,NULL,NULL,NULL,NULL,NULL,'B','alta',NULL),('TR074','07','PC082',NULL,NULL,'ENL832-TXT','1216C10012F6','Verde',NULL,NULL,NULL,'B','alta',NULL),('TR075','07','PC083','ENL832-TX-VA',NULL,NULL,'.  122901023','Azul',NULL,NULL,NULL,'B','alta',NULL),('TR076','07','PC084',NULL,NULL,'ENH832-TX','122000202F05','Verde',NULL,NULL,NULL,'B','alta',NULL),('TR077','07','PC085',NULL,NULL,NULL,'CN-03K021-21','Verde',NULL,NULL,NULL,'B','alta',NULL),('TR078','07','PC086','VIA VTG',NULL,NULL,'############','Verde Azul',NULL,NULL,NULL,'B','alta',NULL),('TR079','07','PC087',NULL,NULL,NULL,'9130TX2AC100',NULL,NULL,NULL,NULL,'M','alta',NULL),('TR080','07','PC088','TP-LINK',NULL,'TL-WN353GD','08770701832','WIRELESS E',NULL,NULL,NULL,'R','alta',NULL),('TR081','07','PC089','ENCORE',NULL,NULL,'50288060009101','WIRELESS E',NULL,NULL,NULL,'R','alta',NULL),('TR082','07','PC090','TP-LINK',NULL,'TL-WN353GD','08770701466','WIRELESS E',NULL,NULL,NULL,'R','alta',NULL),('TR083','07','PC091','TP-LINK',NULL,NULL,'08770701829','WIRELESS E',NULL,NULL,NULL,'R','alta',NULL),('TR084','07','PC092','INCORPORADA',NULL,NULL,NULL,NULL,NULL,NULL,NULL,NULL,'alta',NULL),('TR085','07','PC093',NULL,NULL,NULL,NULL,NULL,NULL,NULL,NULL,NULL,'alta',NULL),('TR086','07','PC094','INCORPORADA',NULL,NULL,NULL,NULL,NULL,NULL,NULL,NULL,'alta',NULL),('TR087','07','PC095',NULL,NULL,NULL,NULL,NULL,NULL,NULL,NULL,NULL,'alta',NULL),('TR088','07','PC096','VIA VT6105',NULL,NULL,'1229011342C1','Azul',NULL,NULL,NULL,'R','alta',NULL),('TR089','07','PC097','GVC',NULL,'NIC-1010-TI/Z1','CN-03K021-64','Verde',NULL,NULL,NULL,'B','alta',NULL),('TR090','07','PC099','Incorporada',NULL,NULL,NULL,NULL,NULL,NULL,NULL,'R','alta',NULL),('TR091','07','PC100','Incorporada',NULL,NULL,NULL,NULL,NULL,NULL,NULL,'R','alta',NULL),('TR092','07','PC101','Incorporada',NULL,NULL,NULL,NULL,NULL,NULL,NULL,'B','alta',NULL),('TR093','07','PC102','Incorporada',NULL,NULL,NULL,NULL,NULL,NULL,NULL,'B','alta',NULL),('TR094','07','PC103',NULL,NULL,'ENL832TX-VA',NULL,'Azul',NULL,NULL,NULL,'B','alta',NULL),('TR095','07','PC104',NULL,NULL,'ENL832-TX-VA','122901023344','Azul Verdo',NULL,NULL,NULL,'B','alta',NULL),('TR096','07','PC105',NULL,NULL,'832-VIA','1229011342C1','Azul',NULL,NULL,NULL,'R','alta',NULL),('TR097','07','PC043','INCORPORADA',NULL,NULL,NULL,NULL,NULL,NULL,NULL,'B','alta',NULL),('TR098','07','PC044','INCORPORADA',NULL,NULL,NULL,NULL,NULL,NULL,NULL,'B','alta',NULL),('TR099','07','PC045','INCORPORADA',NULL,NULL,NULL,NULL,NULL,NULL,NULL,'B','alta',NULL),('TR100','07','PC046','INCORPORADA',NULL,NULL,NULL,NULL,NULL,NULL,NULL,'B','alta',NULL),('TR101','07','PC047','INCORPORADA',NULL,NULL,NULL,NULL,NULL,NULL,NULL,'B','alta',NULL),('TR102','07','PC048','INCORPORADA',NULL,NULL,NULL,NULL,NULL,NULL,NULL,'B','alta',NULL),('TR103','07','PC049','INCORPORADA',NULL,NULL,NULL,NULL,NULL,NULL,NULL,'B','alta',NULL),('TR104','07','PC050','INCORPORADA',NULL,NULL,NULL,NULL,NULL,NULL,NULL,'B','alta',NULL),('TRI001','20','PC063','MAXNET',NULL,NULL,'KT99CTQC-X06',NULL,NULL,NULL,NULL,'B','alta',NULL),('TRI002','20','PC064','MAXNET',NULL,'WP8800-IN','KT99CTQC-A44',NULL,NULL,NULL,NULL,'B','alta',NULL),('TRI003','20','PC065','MAXNET',NULL,NULL,'KT99CTQC-F24',NULL,NULL,NULL,NULL,'B','alta',NULL),('TRI004','20','PC066','MAXNET',NULL,NULL,'KT99CTQC-F24',NULL,NULL,NULL,NULL,'B','alta',NULL),('TRI005','20','PC092','ENCORE',NULL,NULL,'50288060008446',NULL,NULL,NULL,NULL,NULL,'alta',NULL),('TRI006','20','PC093','TPLINK',NULL,'TLWN35BGD','08770701857',NULL,NULL,NULL,NULL,NULL,'alta',NULL),('TRI007','20','PC094','ENCORE',NULL,NULL,'50288060008473',NULL,NULL,NULL,NULL,NULL,'alta',NULL),('TRI008','20','PC095','ENCORE',NULL,'ENLWI-G2','50288060008445',NULL,NULL,NULL,NULL,NULL,'alta',NULL),('TS001','08','PC001',NULL,NULL,NULL,NULL,NULL,'Integrada',NULL,NULL,'B','alta',NULL),('TS002','08','PC002',NULL,NULL,NULL,NULL,NULL,'Integrada',NULL,NULL,'B','alta',NULL),('TS003','08','PC003','Incorporada',NULL,NULL,NULL,NULL,NULL,NULL,NULL,'B','alta',NULL),('TS004','08','PC004','Incorporada',NULL,NULL,NULL,NULL,NULL,NULL,NULL,'B','alta',NULL),('TS005','08','PC005','Incorporada',NULL,NULL,NULL,NULL,NULL,NULL,NULL,'B','alta',NULL),('TS006','08','PC006','Incorporada',NULL,NULL,NULL,NULL,NULL,NULL,NULL,'B','alta',NULL),('TS007','08','PC007','Incorporada',NULL,NULL,NULL,NULL,NULL,NULL,NULL,'B','alta',NULL),('TS008','08','PC008','Incorporada',NULL,NULL,NULL,NULL,NULL,NULL,NULL,'B','alta',NULL),('TS009','08','PC009','Incorporada',NULL,NULL,NULL,NULL,NULL,NULL,NULL,'B','alta',NULL),('TS010','08','PC010',NULL,NULL,NULL,NULL,NULL,'Integrada',NULL,NULL,'B','alta',NULL),('TS011','08','PC011','Incorporada',NULL,NULL,NULL,NULL,NULL,NULL,NULL,'B','alta',NULL),('TS012','08','PC012',NULL,NULL,NULL,NULL,NULL,'Integrada',NULL,NULL,'B','alta',NULL),('TS013','08','PC013','Incorporada',NULL,NULL,NULL,NULL,NULL,NULL,NULL,'R','alta',NULL),('TS014','08','PC014',NULL,NULL,NULL,NULL,NULL,'Integrada',NULL,NULL,'B','alta',NULL),('TS015','08','PC015',NULL,NULL,NULL,NULL,NULL,NULL,NULL,NULL,'R','alta',NULL),('TS016','08','PC016',NULL,NULL,NULL,NULL,NULL,'Integrada',NULL,NULL,'B','alta',NULL),('TS017','08','PC017','INCORPORADA',NULL,NULL,NULL,NULL,NULL,NULL,NULL,'R','alta',NULL),('TS018','08','PC018',NULL,NULL,NULL,NULL,NULL,NULL,NULL,NULL,'R','alta',NULL),('TS019','08','PC019','Incorporada',NULL,NULL,NULL,NULL,NULL,NULL,NULL,'B','alta',NULL),('TS020','08','PC020','Incorporada',NULL,NULL,NULL,NULL,NULL,NULL,NULL,'R','alta',NULL),('TS021','08','PC021','Incorporada',NULL,NULL,NULL,NULL,NULL,NULL,NULL,'R','alta',NULL),('TS022','08','PC022','Incorporada',NULL,NULL,NULL,NULL,NULL,NULL,NULL,'B','alta',NULL),('TS023','08','PC023','Incorporada',NULL,NULL,NULL,NULL,NULL,NULL,NULL,'R','alta',NULL),('TS024','08','PC024',NULL,NULL,NULL,NULL,NULL,'Integrada',NULL,NULL,'B','alta',NULL),('TS025','08','PC025',NULL,NULL,NULL,NULL,NULL,'Integrada',NULL,NULL,'B','alta',NULL),('TS026','08','PC026',NULL,NULL,NULL,NULL,NULL,'Integrada',NULL,NULL,'B','alta',NULL),('TS027','08','PC027',NULL,NULL,NULL,NULL,NULL,'Integrada',NULL,NULL,'B','alta',NULL),('TS028','08','PC028',NULL,NULL,NULL,NULL,NULL,'Integrada',NULL,NULL,'B','alta',NULL),('TS029','08','PC029','Incorporada',NULL,NULL,NULL,NULL,NULL,NULL,NULL,'R','alta',NULL),('TS030','08','PC030','Incorporada',NULL,NULL,NULL,NULL,NULL,NULL,NULL,'B','alta',NULL),('TS031','08','PC031','Incorporada',NULL,NULL,NULL,NULL,NULL,NULL,NULL,'B','alta',NULL),('TS032','08','PC032','Incorporada',NULL,NULL,NULL,NULL,NULL,NULL,NULL,'R','alta',NULL),('TS033','08','PC033','Incorporada',NULL,NULL,NULL,NULL,NULL,NULL,NULL,'R','alta',NULL),('TS034','08','PC034','Incorporada',NULL,NULL,NULL,NULL,NULL,NULL,NULL,'R','alta',NULL),('TS035','08','PC035','Incorporada',NULL,NULL,NULL,NULL,NULL,NULL,NULL,'B','alta',NULL),('TS036','08','PC036','Incorporada',NULL,NULL,NULL,NULL,NULL,NULL,NULL,'R','alta',NULL),('TS037','08','PC037','Incorporado',NULL,NULL,NULL,NULL,NULL,NULL,NULL,'B','alta',NULL),('TS038','08','PC038','Incorporada',NULL,NULL,NULL,NULL,NULL,NULL,NULL,'R','alta',NULL),('TS039','08','PC039','Incorporada',NULL,NULL,NULL,NULL,NULL,NULL,NULL,'B','alta',NULL),('TS040','08','PC040','Incorporada',NULL,NULL,NULL,NULL,NULL,NULL,NULL,'R','alta',NULL),('TS041','08','PC041','INTEGRADA',NULL,NULL,NULL,NULL,NULL,NULL,NULL,'B','alta',NULL),('TS042','08','PC042','INTEGRADA',NULL,NULL,NULL,NULL,NULL,NULL,NULL,'B','alta',NULL),('TS043','08','PC051','INCORPORADO',NULL,NULL,NULL,NULL,NULL,NULL,NULL,'B','alta',NULL),('TS044','08','PC052','INCORPORADO',NULL,NULL,NULL,NULL,NULL,NULL,NULL,'B','alta',NULL),('TS045','08','PC053','INCORPORADO',NULL,NULL,NULL,NULL,NULL,NULL,NULL,'B','alta',NULL),('TS046','08','PC054','INCORPORADO',NULL,NULL,NULL,NULL,NULL,NULL,NULL,'B','alta',NULL),('TS047','08','PC055','INCORPORADO',NULL,NULL,NULL,NULL,NULL,NULL,NULL,'R','alta',NULL),('TS048','08','PC056','INCORPORADO',NULL,NULL,NULL,NULL,NULL,NULL,NULL,'R','alta',NULL),('TS049','08','PC057','INCORPORADO',NULL,NULL,NULL,NULL,NULL,NULL,NULL,'R','alta',NULL),('TS050','08','PC058','INCORPORADO',NULL,NULL,NULL,NULL,NULL,NULL,NULL,'R','alta',NULL),('TS051','08','PC059','INCORPORADO',NULL,NULL,NULL,NULL,NULL,NULL,NULL,'B','alta',NULL),('TS052','08','PC060','INCORPORADO',NULL,NULL,NULL,NULL,NULL,NULL,NULL,'B','alta',NULL),('TS053','08','PC061','INCORPORADO',NULL,NULL,NULL,NULL,NULL,NULL,NULL,'B','alta',NULL),('TS054','08','PC062','INCORPORADO',NULL,NULL,NULL,NULL,NULL,NULL,NULL,'B','alta',NULL),('TS055','08','PC063','INCORPORADA',NULL,NULL,NULL,NULL,NULL,NULL,NULL,'B','alta',NULL),('TS056','08','PC064',NULL,NULL,NULL,NULL,NULL,NULL,NULL,NULL,'B','alta',NULL),('TS057','08','PC065','INCORPORADA',NULL,NULL,NULL,NULL,NULL,NULL,NULL,'B','alta',NULL),('TS058','08','PC066',NULL,NULL,NULL,NULL,NULL,NULL,NULL,NULL,'B','alta',NULL),('TS059','08','PC067','Incorporada',NULL,NULL,NULL,NULL,NULL,NULL,NULL,'R','alta',NULL),('TS060','08','PC068','No tiene',NULL,NULL,NULL,NULL,NULL,NULL,NULL,'B','alta',NULL),('TS061','08','PC069','Integrada',NULL,NULL,'S/S N',NULL,NULL,NULL,NULL,'B','Baja',NULL),('TS062','08','PC070','Integrada',NULL,NULL,'S/S N',NULL,NULL,NULL,NULL,'B','Baja',NULL),('TS063','08','PC071','Integrada',NULL,NULL,'S/S N',NULL,NULL,NULL,NULL,'B','Baja',NULL),('TS064','08','PC072','No tiene',NULL,NULL,'S/S N',NULL,NULL,NULL,NULL,'R','Baja',NULL),('TS065','08','PC073','Integrada',NULL,NULL,'S/S N',NULL,NULL,NULL,NULL,'R','Baja',NULL),('TS066','08','PC074','Integrada',NULL,NULL,'S/S N',NULL,NULL,NULL,NULL,'R','Baja',NULL),('TS067','08','PC075','Integrada',NULL,NULL,'S/S N',NULL,NULL,NULL,NULL,'R','Baja',NULL),('TS068','08','PC076','Integrada',NULL,NULL,'S/S N',NULL,NULL,NULL,NULL,'R','Baja',NULL),('TS069','08','PC077','Incorporada',NULL,NULL,NULL,NULL,NULL,NULL,NULL,'B','alta',NULL),('TS070','08','PC078','Incorporada',NULL,NULL,NULL,NULL,NULL,NULL,NULL,'B','alta',NULL),('TS071','08','PC079','Incorporada',NULL,NULL,NULL,NULL,NULL,NULL,NULL,'B','alta',NULL),('TS072','08','PC080','Incorporada',NULL,NULL,NULL,NULL,NULL,NULL,NULL,'B','alta',NULL),('TS073','08','PC081','Incorporada',NULL,NULL,NULL,NULL,NULL,NULL,NULL,'B','alta',NULL),('TS074','08','PC082','Incorporada',NULL,NULL,NULL,NULL,NULL,NULL,NULL,'B','alta',NULL),('TS075','08','PC083','Incorporada',NULL,NULL,NULL,NULL,NULL,NULL,NULL,'B','alta',NULL),('TS076','08','PC084','Incorporada',NULL,NULL,NULL,NULL,NULL,NULL,NULL,'B','alta',NULL),('TS077','08','PC085','Incorporada',NULL,NULL,NULL,NULL,NULL,NULL,NULL,'B','alta',NULL),('TS078','08','PC086','Incorporado',NULL,NULL,NULL,NULL,NULL,NULL,NULL,'B','alta',NULL),('TS079','08','PC087','No tiene',NULL,NULL,NULL,NULL,NULL,NULL,NULL,'M','alta',NULL),('TS080','08','PC088','INCORPORADA',NULL,NULL,NULL,NULL,NULL,NULL,NULL,'R','alta',NULL),('TS081','08','PC089','INCORPORADA',NULL,NULL,NULL,NULL,NULL,NULL,NULL,'R','alta',NULL),('TS082','08','PC090','INCORPORADA',NULL,NULL,NULL,NULL,NULL,NULL,NULL,'R','alta',NULL),('TS083','08','PC091','INCORPORADA',NULL,NULL,NULL,NULL,NULL,NULL,NULL,'R','alta',NULL),('TS084','08','PC092','INCORPORADA',NULL,NULL,NULL,NULL,NULL,NULL,NULL,NULL,'alta',NULL),('TS085','08','PC093',NULL,NULL,NULL,NULL,NULL,NULL,NULL,NULL,NULL,'alta',NULL),('TS086','08','PC094','INCORPORADA',NULL,NULL,NULL,NULL,NULL,NULL,NULL,NULL,'alta',NULL),('TS087','08','PC095',NULL,NULL,NULL,NULL,NULL,NULL,NULL,NULL,NULL,'alta',NULL),('TS088','08','PC096','Incorporada',NULL,NULL,NULL,NULL,NULL,NULL,NULL,'R','alta',NULL),('TS089','08','PC097','Incorporada',NULL,NULL,NULL,NULL,NULL,NULL,NULL,'B','alta',NULL),('TS090','08','PC099','Incorporada',NULL,NULL,NULL,NULL,NULL,NULL,NULL,'R','alta',NULL),('TS091','08','PC100','Incorporada',NULL,NULL,NULL,NULL,NULL,NULL,NULL,'R','alta',NULL),('TS092','08','PC101','Incorporada',NULL,NULL,NULL,NULL,NULL,NULL,NULL,'B','alta',NULL),('TS093','08','PC102','Incorporada',NULL,NULL,NULL,NULL,NULL,NULL,NULL,'B','alta',NULL),('TS094','08','PC103','Incorporada',NULL,NULL,NULL,NULL,NULL,NULL,NULL,'B','alta',NULL),('TS095','08','PC104','Incorporada',NULL,NULL,NULL,NULL,NULL,NULL,NULL,'B','alta',NULL),('TS096','08','PC105','Incorporada',NULL,NULL,NULL,NULL,NULL,NULL,NULL,'R','alta',NULL),('TS097','08','PC043','INCORPORADA',NULL,NULL,NULL,NULL,NULL,NULL,NULL,'B','alta',NULL),('TS098','08','PC044','INCORPORADA',NULL,NULL,NULL,NULL,NULL,NULL,NULL,'B','alta',NULL),('TS099','08','PC045','INCORPORADA',NULL,NULL,NULL,NULL,NULL,NULL,NULL,'B','alta',NULL),('TS100','08','PC046','INCORPORADA',NULL,NULL,NULL,NULL,NULL,NULL,NULL,'B','alta',NULL),('TS101','08','PC047','INCORPORADA',NULL,NULL,NULL,NULL,NULL,NULL,NULL,'B','alta',NULL),('TS102','08','PC048','INCORPORADA',NULL,NULL,NULL,NULL,NULL,NULL,NULL,'B','alta',NULL),('TS103','08','PC049','INCORPORADA',NULL,NULL,NULL,NULL,NULL,NULL,NULL,'B','alta',NULL),('TS104','08','PC050','INCORPORADA',NULL,NULL,NULL,NULL,NULL,NULL,NULL,'B','alta',NULL),('TV001','06','PC001','GEFORCE',NULL,'N9400GT','456406F91301390',NULL,'1 GB',NULL,NULL,'B','alta',NULL),('TV002','06','PC002','GEFORCE',NULL,'N9400GT','456406F91401065',NULL,'1 GB',NULL,NULL,'B','alta',NULL),('TV003','06','PC003','Geforce',NULL,'MX4000','C0602070661','Azul','128 MB',NULL,NULL,'B','alta',NULL),('TV004','06','PC004',NULL,NULL,'6200LE','KV063707156','Verde','128 MB',NULL,NULL,'B','alta',NULL),('TV005','06','PC005',NULL,NULL,'V6202L16','K0614005581','Verde','128 MB',NULL,NULL,'B','alta',NULL),('TV006','06','PC006',NULL,NULL,'6200LE','KV063707143','Verde','128 MB',NULL,NULL,'B','alta',NULL),('TV007','06','PC007',NULL,NULL,'6200 LE','KV063707144','Verde','128 MB',NULL,NULL,'B','alta',NULL),('TV008','06','PC008',NULL,NULL,'6200 LE','K061405595','Verde','128 MB',NULL,NULL,'B','alta',NULL),('TV009','06','PC009','ATI',NULL,'HD4360','KWH0165569','PCI EXP',NULL,NULL,NULL,'B','alta',NULL),('TV010','06','PC010','GEFORCE',NULL,'N9400GT','456406F91401',NULL,'1 GB',NULL,NULL,'B','alta',NULL),('TV011','06','PC011','ATI',NULL,'HD4360',NULL,'PCI EXP','baja /pc 38',NULL,NULL,'B','alta',NULL),('TV012','06','PC012','GEFORCE',NULL,'N9400GT','456406F91401',NULL,'1 GB',NULL,NULL,'B','alta',NULL),('TV013','06','PC013','SILENT',NULL,'9400GT','456505G94400144',NULL,NULL,NULL,NULL,'R','alta',NULL),('TV014','06','PC014','GEFORCE',NULL,'N9400GT','456406F91401',NULL,'1 GB',NULL,NULL,'B','alta',NULL),('TV015','06','PC015','GFORCE',NULL,'SILENT9400GT','456505G94400145',NULL,NULL,NULL,NULL,'R','alta',NULL),('TV016','06','PC016','GEFORCE',NULL,'N9400GT','456406F91401',NULL,'1 GB',NULL,NULL,'B','alta',NULL),('TV017','06','PC017','GEFORCE',NULL,'9400GT','456505G94400136',NULL,NULL,NULL,NULL,'R','alta',NULL),('TV018','06','PC018','GFORCE',NULL,'SILENT 9400GT','457505G94400131',NULL,NULL,NULL,NULL,'R','alta',NULL),('TV019','06','PC019',NULL,NULL,NULL,'0212132468','Caki','32 MB',NULL,NULL,'B','alta',NULL),('TV020','06','PC020','FOXCONN',NULL,'FV-N725M2DT','LE8110A002110',NULL,NULL,NULL,NULL,'R','alta',NULL),('TV021','06','PC021','Incorporada',NULL,NULL,NULL,NULL,NULL,NULL,NULL,'R','alta',NULL),('TV022','06','PC022','6200LE',NULL,NULL,'K061405306','Verde','128 MB',NULL,NULL,'B','alta',NULL),('TV023','06','PC023','SAPPHRE',NULL,'X300SE256M','Z06080000842','Roja',NULL,NULL,NULL,'B','alta',NULL),('TV024','06','PC024','ATI',NULL,'RADEON - 4350','KWH016565',NULL,'1 GB',NULL,NULL,'B','alta',NULL),('TV025','06','PC025','ATI',NULL,'RADEON - 4350','KWH016566',NULL,'1 GB',NULL,NULL,'B','alta',NULL),('TV026','06','PC026','ATI',NULL,'RADEON - 4350','KWH016562',NULL,'1 GB',NULL,NULL,'B','alta',NULL),('TV027','06','PC027','ATI',NULL,'RADEON - 4350','KWH016119',NULL,'1 GB',NULL,NULL,'B','alta',NULL),('TV028','06','PC028','ATI',NULL,'RADEON - 4350','KWH016563',NULL,'1 GB',NULL,NULL,'B','alta',NULL),('TV029','06','PC029','Incorporada',NULL,NULL,NULL,NULL,NULL,NULL,NULL,'R','alta',NULL),('TV030','06','PC030',NULL,NULL,'X300 SE','Z06090000378','Caki','256 MB',NULL,NULL,'B','alta',NULL),('TV031','06','PC031','Incorporada',NULL,NULL,NULL,NULL,NULL,NULL,NULL,'B','alta',NULL),('TV032','06','PC032','GEFORCE',NULL,'MX 4000','VDD8616A8A-5','Azul',NULL,NULL,NULL,'B','alta',NULL),('TV033','06','PC033','Incorporada',NULL,NULL,NULL,NULL,NULL,NULL,NULL,'R','alta',NULL),('TV034','06','PC034','Incorporada',NULL,NULL,NULL,NULL,NULL,NULL,NULL,'R','alta',NULL),('TV035','06','PC035','Incorporada',NULL,NULL,NULL,NULL,NULL,NULL,NULL,'B','alta',NULL),('TV036','06','PC036','Incorporada',NULL,NULL,NULL,NULL,NULL,NULL,NULL,'R','alta',NULL),('TV037','06','PC037','Incorporado',NULL,NULL,NULL,NULL,NULL,NULL,NULL,'B','alta',NULL),('TV038','06','PC038','Incorporada',NULL,NULL,NULL,NULL,NULL,NULL,NULL,'R','alta',NULL),('TV039','06','PC039','Incorporada',NULL,NULL,NULL,NULL,NULL,NULL,NULL,'B','alta',NULL),('TV040','06','PC040','Incorporada',NULL,NULL,NULL,NULL,NULL,NULL,NULL,'R','alta',NULL),('TV041','06','PC041','INTEGRADA',NULL,NULL,NULL,NULL,NULL,NULL,NULL,'B','alta',NULL),('TV042','06','PC042','INTEGRADA',NULL,NULL,NULL,NULL,NULL,NULL,NULL,'B','alta',NULL),('TV043','06','PC043','ECS NVIDIA',NULL,NULL,'3,3915121e+013',NULL,'1GB',NULL,NULL,'B','alta',NULL),('TV044','06','PC044','ECS NVIDIA',NULL,NULL,'3,3915121e+013',NULL,'1GB',NULL,NULL,'B','alta',NULL),('TV045','06','PC045','ECS NVIDIA',NULL,NULL,'3,3915121e+013',NULL,'1GB',NULL,NULL,'B','alta',NULL),('TV046','06','PC046','ECS NVIDIA',NULL,NULL,'3,3915121e+013',NULL,'1GB',NULL,NULL,'B','alta',NULL),('TV047','06','PC047','ECS NVIDIA',NULL,NULL,'3,3915121e+013',NULL,'1GB',NULL,NULL,'B','alta',NULL),('TV048','06','PC048','ECS NVIDIA',NULL,NULL,'3,3915121e+013',NULL,'1GB',NULL,NULL,'B','alta',NULL),('TV049','06','PC049','ECS NVIDIA',NULL,NULL,'3,3915121e+013',NULL,'1GB',NULL,NULL,'B','alta',NULL),('TV050','06','PC050','ECS NVIDIA',NULL,NULL,'3,3915121e+013',NULL,'1GB',NULL,NULL,'B','alta',NULL),('TV051','06','PC051','ATI RADEON',NULL,NULL,NULL,NULL,NULL,NULL,NULL,'B','alta',NULL),('TV052','06','PC052','ATI RADEON',NULL,NULL,NULL,NULL,NULL,NULL,NULL,'B','alta',NULL),('TV053','06','PC053','ATI RADEON',NULL,NULL,NULL,NULL,NULL,NULL,NULL,'B','alta',NULL),('TV054','06','PC054','ATI RADEON',NULL,NULL,NULL,NULL,NULL,NULL,NULL,'B','alta',NULL),('TV055','06','PC055','INCORPORADO',NULL,NULL,NULL,NULL,NULL,NULL,NULL,'R','alta',NULL),('TV056','06','PC056','INCORPORADO',NULL,NULL,NULL,NULL,NULL,NULL,NULL,'R','alta',NULL),('TV057','06','PC057','INCORPORADO',NULL,NULL,NULL,NULL,NULL,NULL,NULL,'R','alta',NULL),('TV058','06','PC058','INCORPORADO',NULL,NULL,NULL,NULL,NULL,NULL,NULL,'R','alta',NULL),('TV059','06','PC059','INCORPORADO',NULL,NULL,NULL,NULL,NULL,NULL,NULL,'B','alta',NULL),('TV060','06','PC060','INCORPORADO',NULL,NULL,NULL,NULL,NULL,NULL,NULL,'B','alta',NULL),('TV061','06','PC061','INCORPORADO',NULL,NULL,NULL,NULL,NULL,NULL,NULL,'B','alta',NULL),('TV062','06','PC062','INCORPORADO',NULL,NULL,NULL,NULL,NULL,NULL,NULL,'B','alta',NULL),('TV063','06','PC063','GEFORCE',NULL,NULL,'L7HO71588','NEGRO',NULL,NULL,NULL,'B','alta',NULL),('TV064','06','PC064','GFORCE',NULL,'6T220','L7H071587',NULL,NULL,NULL,NULL,'B','alta',NULL),('TV065','06','PC065','GFORCE',NULL,NULL,'L7H071589',NULL,NULL,NULL,NULL,'B','alta',NULL),('TV066','06','PC066','GFORCE',NULL,'GT220','L7H071580',NULL,NULL,NULL,NULL,'B','alta',NULL),('TV067','06','PC067','SILENT',NULL,'9400GT','456505G94400537',NULL,NULL,NULL,NULL,'R','alta',NULL),('TV068','06','PC068','Incorporada',NULL,NULL,NULL,NULL,NULL,NULL,NULL,'B','alta',NULL),('TV069','06','PC069','Modelo - AM6432M',NULL,NULL,'C0204027040','Verde',NULL,NULL,NULL,'B','Baja',NULL),('TV070','06','PC070','Modelo - AM2811DND32',NULL,NULL,'C0203189409',NULL,'Verde',NULL,NULL,'B','Baja',NULL),('TV071','06','PC071','Modelo HA2811DMD-32',NULL,NULL,'C0204027133',NULL,'Verde',NULL,NULL,'B','Baja',NULL),('TV072','06','PC072','Modelo ATI / -',NULL,NULL,'C06DW 05093',NULL,'Verde',NULL,NULL,'R','Baja',NULL),('TV073','06','PC073','Modelo HA2811R - 32',NULL,NULL,'C0301068006',NULL,'Verde',NULL,NULL,'R','Baja',NULL),('TV074','06','PC074','Modelo HA2811DMD - 3',NULL,NULL,'C0204027030',NULL,'Verde',NULL,NULL,'R','Baja',NULL),('TV075','06','PC075','Modelo HA2811 DMD32',NULL,NULL,'C0203189392',NULL,'Verde',NULL,NULL,'R','Baja',NULL),('TV076','06','PC076','Modelo HA2811DMD-32',NULL,NULL,'C0204027016',NULL,'Verde',NULL,NULL,'R','Baja',NULL),('TV077','06','PC077','GV-R7064T',NULL,NULL,'0338030742','Azul',NULL,NULL,NULL,'B','alta',NULL),('TV078','06','PC078','Geforce / MX4000D64M',NULL,NULL,'C0411120453','Azul',NULL,NULL,NULL,'B','alta',NULL),('TV079','06','PC079','CVA-1045-2TV',NULL,NULL,'O76815','Negro/Plat','32 MB',NULL,NULL,'B','alta',NULL),('TV080','06','PC080','CVA-1045-2TV',NULL,NULL,'076700','Negro','32 MB',NULL,NULL,'B','alta',NULL),('TV081','06','PC081',NULL,NULL,'022404COM56A','019231','Indigo',NULL,NULL,NULL,'B','alta',NULL),('TV082','06','PC082',NULL,NULL,'CVA1045-2TV','O76583','Negro','32 MB',NULL,NULL,'B','alta',NULL),('TV083','06','PC083','CVA-1045-2TV',NULL,NULL,'O76736','Verde',NULL,NULL,NULL,'B','alta',NULL),('TV084','06','PC084','GEFORCE2',NULL,NULL,'DIH247803','Verde','64 MB',NULL,NULL,'B','alta',NULL),('TV085','06','PC085',NULL,NULL,NULL,'C0203188475',NULL,'32 MB',NULL,NULL,'B','alta',NULL),('TV086','06','PC086',NULL,NULL,NULL,'076143','Negro','32 MB',NULL,NULL,'B','alta',NULL),('TV087','06','PC087',NULL,NULL,'CR321 6A','C06DW05071',NULL,NULL,NULL,NULL,'M','alta',NULL),('TV088','06','PC088','INCORPORADA',NULL,NULL,NULL,NULL,NULL,NULL,NULL,'R','alta',NULL),('TV089','06','PC089','INCORPORADA',NULL,NULL,NULL,NULL,NULL,NULL,NULL,'R','alta',NULL),('TV090','06','PC090','INCORPORADA',NULL,NULL,NULL,NULL,NULL,NULL,NULL,'R','alta',NULL),('TV091','06','PC091','INCORPORADA',NULL,NULL,NULL,NULL,NULL,NULL,NULL,'R','alta',NULL),('TV092','06','PC092','INCORPORADA',NULL,NULL,NULL,NULL,NULL,NULL,NULL,NULL,'alta',NULL),('TV093','06','PC093','INCORPORADA',NULL,NULL,NULL,NULL,NULL,NULL,NULL,NULL,'alta',NULL),('TV094','06','PC094','INCORPORADA',NULL,NULL,NULL,NULL,NULL,NULL,NULL,NULL,'alta',NULL),('TV095','06','PC095','INCORPORADA',NULL,NULL,NULL,NULL,NULL,NULL,NULL,NULL,'alta',NULL),('TV096','06','PC096','GV-R 7064T',NULL,NULL,'0338030386',NULL,'128 MB',NULL,NULL,'R','alta',NULL),('TV097','06','PC097','TNT2',NULL,'N622','0203189400','Crema','32 MB',NULL,NULL,'B','alta',NULL),('TV098','06','PC099','PVT44P-RANG',NULL,NULL,'IDK013550',NULL,NULL,NULL,NULL,'B','alta',NULL),('TV099','06','PC100','GFORCE',NULL,'GF6200TC','IEK005280',NULL,NULL,NULL,NULL,'B','alta',NULL),('TV100','06','PC101','GE FORCE',NULL,'MX4000','C0602070651','Azul',NULL,NULL,NULL,'B','alta',NULL),('TV101','06','PC102','GE FORCE',NULL,'MX4000','C0602071124',NULL,NULL,NULL,NULL,'B','alta',NULL),('TV102','06','PC103','CVA1045-2TB',NULL,NULL,'076813',NULL,NULL,NULL,NULL,'B','alta',NULL),('TV103','06','PC104',NULL,NULL,'CVA-1045-2TV','076535','Negro','32 MB',NULL,NULL,'B','alta',NULL),('TV104','06','PC105','GV-R 7064T',NULL,NULL,'338030315','Azul',NULL,NULL,NULL,'R','alta',NULL),('WOF001','21','PC041','GENIUS',NULL,'SW-2.1355','XL100AHG1079',NULL,NULL,NULL,NULL,'B','alta',NULL),('WOF002','21','PC042','GENIUS',NULL,'SW-2.1355','XL100AHG10780',NULL,NULL,NULL,NULL,'B','alta',NULL);
/*!40000 ALTER TABLE `componente` ENABLE KEYS */;
UNLOCK TABLES;

--
-- Table structure for table `distribucion`
--

DROP TABLE IF EXISTS `distribucion`;
CREATE TABLE `distribucion` (
  `idDis` int(11) NOT NULL auto_increment,
  `codEqp` varchar(8) default NULL,
  `ubiEqp` varchar(3) default NULL,
  `dtpEqp` varchar(6) default NULL,
  `acdDis` int(11) default NULL,
  `fecDis` datetime default NULL,
  `sitEqp` varchar(4) default NULL,
  PRIMARY KEY  (`idDis`),
  KEY `codEqp` (`codEqp`),
  KEY `idDis` (`idDis`)
) ENGINE=MyISAM AUTO_INCREMENT=106 DEFAULT CHARSET=utf8;

--
-- Dumping data for table `distribucion`
--

LOCK TABLES `distribucion` WRITE;
/*!40000 ALTER TABLE `distribucion` DISABLE KEYS */;
INSERT INTO `distribucion` VALUES (1,'PC001','sw1','PC01',2012,'2012-04-01 00:00:00','alta'),(2,'PC002','sw1','PC02',2012,'2012-04-01 00:00:00','alta'),(3,'PC003','sw1','PC03',2012,'2012-04-01 00:00:00','alta'),(4,'PC004','sw1','PC04',2012,'2012-04-01 00:00:00','alta'),(5,'PC005','sw1','PC05',2012,'2012-04-01 00:00:00','alta'),(6,'PC006','sw1','PC06',2012,'2012-04-01 00:00:00','alta'),(7,'PC007','sw1','PC07',2012,'2012-04-01 00:00:00','alta'),(8,'PC008','sw1','PC08',2012,'2012-04-01 00:00:00','alta'),(9,'PC009','sw1','PC09',2012,'2012-04-01 00:00:00','alta'),(10,'PC010','sw1','PC10',2012,'2012-04-01 00:00:00','alta'),(11,'PC011','sw1','PC11',2012,'2012-04-01 00:00:00','alta'),(12,'PC012','sw1','PC12',2012,'2012-04-01 00:00:00','alta'),(13,'PC013','sw1','PC13',2012,'2012-04-01 00:00:00','alta'),(14,'PC014','sw1','PC14',2012,'2012-04-01 00:00:00','alta'),(15,'PC015','sw1','PC15',2012,'2012-04-01 00:00:00','alta'),(16,'PC016','sw1','PC16',2012,'2012-04-01 00:00:00','alta'),(17,'PC017','sw1','PC17',2012,'2012-04-01 00:00:00','alta'),(18,'PC018','sw1','PC18',2012,'2012-04-01 00:00:00','alta'),(19,'PC019','sw1','PC19',2012,'2012-04-01 00:00:00','alta'),(20,'PC020','sw1','PC20',2012,'2012-04-01 00:00:00','alta'),(21,'PC021','sw1','PC21',2012,'2012-04-01 00:00:00','alta'),(22,'PC022','sw1','PC22',2012,'2012-04-01 00:00:00','alta'),(23,'PC023','sw1','PC23',2012,'2012-04-01 00:00:00','alta'),(24,'PC024','sw1','PC24',2012,'2012-04-01 00:00:00','alta'),(25,'PC025','sw1','PC25',2012,'2012-04-01 00:00:00','alta'),(26,'PC026','sw1','PC26',2012,'2012-04-01 00:00:00','alta'),(27,'PC027','sw1','PC27',2012,'2012-04-01 00:00:00','alta'),(28,'PC028','sw1','PC28',2012,'2012-04-01 00:00:00','alta'),(29,'PC029','sw1','PC29',2012,'2012-04-01 00:00:00','alta'),(30,'PC030','sw1','PC30',2012,'2012-04-01 00:00:00','alta'),(31,'PC031','sw1','PC31',2012,'2012-04-01 00:00:00','alta'),(32,'PC032','sw1','PC32',2012,'2012-04-01 00:00:00','alta'),(33,'PC033','sw1','PC33',2012,'2012-04-01 00:00:00','alta'),(34,'PC034','sw1','PC34',2012,'2012-04-01 00:00:00','alta'),(35,'PC035','sw1','PC35',2012,'2012-04-01 00:00:00','alta'),(36,'PC036','sw1','PC36',2012,'2012-04-01 00:00:00','alta'),(37,'PC037','sw1','PC37',2012,'2012-04-01 00:00:00','alta'),(38,'PC038','sw1','PC38',2012,'2012-04-01 00:00:00','alta'),(39,'PC039','sw1','PC39',2012,'2012-04-01 00:00:00','alta'),(40,'PC040','sw1','PC40',2012,'2012-04-01 00:00:00','alta'),(41,'PC041','sw1','PC41',2012,'2012-04-01 00:00:00','alta'),(42,'PC042','sw1','PC42',2012,'2012-04-01 00:00:00','alta'),(43,'PC043','red','PC01',2012,'2012-04-01 00:00:00','alta'),(44,'PC044','red','PC02',2012,'2012-04-01 00:00:00','alta'),(45,'PC045','red','PC03',2012,'2012-04-01 00:00:00','alta'),(46,'PC046','red','PC04',2012,'2012-04-01 00:00:00','alta'),(47,'PC047','red','PC05',2012,'2012-04-01 00:00:00','alta'),(48,'PC048','red','PC06',2012,'2012-04-01 00:00:00','alta'),(49,'PC049','red','PC07',2012,'2012-04-01 00:00:00','alta'),(50,'PC050','red','PC08',2012,'2012-04-01 00:00:00','alta'),(51,'PC051','red','PC09',2012,'2012-04-01 00:00:00','alta'),(52,'PC052','red','PC10',2012,'2012-04-01 00:00:00','alta'),(53,'PC053','red','PC11',2012,'2012-04-01 00:00:00','alta'),(54,'PC054','red','PC12',2012,'2012-04-01 00:00:00','alta'),(55,'PC055','red','PC13',2012,'2012-04-01 00:00:00','alta'),(56,'PC056','red','PC14',2012,'2012-04-01 00:00:00','alta'),(57,'PC057','red','PC15',2012,'2012-04-01 00:00:00','alta'),(58,'PC058','red','PC16',2012,'2012-04-01 00:00:00','alta'),(59,'PC059','red','PC17',2012,'2012-04-01 00:00:00','alta'),(60,'PC060','red','PC18',2012,'2012-04-01 00:00:00','alta'),(61,'PC061','red','PC19',2012,'2012-04-01 00:00:00','alta'),(62,'PC062','red','PC20',2012,'2012-04-01 00:00:00','alta'),(63,'PC063','red','PC21',2012,'2012-04-01 00:00:00','alta'),(64,'PC064','red','PC22',2012,'2012-04-01 00:00:00','alta'),(65,'PC065','red','PC23',2012,'2012-04-01 00:00:00','alta'),(66,'PC066','red','PC24',2012,'2012-04-01 00:00:00','alta'),(67,'PC067','red','PC25',2012,'2012-04-01 00:00:00','alta'),(68,'PC068','red','PC26',2012,'2012-04-01 00:00:00','alta'),(69,'PC069','hw','PC01',2012,'2012-04-01 00:00:00','baja'),(70,'PC070','hw','PC02',2012,'2012-04-01 00:00:00','baja'),(71,'PC071','hw','PC03',2012,'2012-04-01 00:00:00','baja'),(72,'PC072','hw','PC04',2012,'2012-04-01 00:00:00','baja'),(73,'PC073','hw','PC05',2012,'2012-04-01 00:00:00','baja'),(74,'PC074','hw','PC06',2012,'2012-04-01 00:00:00','baja'),(75,'PC075','hw','PC07',2012,'2012-04-01 00:00:00','baja'),(76,'PC076','hw','PC08',2012,'2012-04-01 00:00:00','baja'),(77,'PC077','hw','PC1',2012,'2012-04-01 00:00:00','alta'),(78,'PC078','hw','PC2',2012,'2012-04-01 00:00:00','alta'),(79,'PC079','hw','PC3',2012,'2012-04-01 00:00:00','alta'),(80,'PC080','hw','PC4',2012,'2012-04-01 00:00:00','alta'),(81,'PC081','hw','PC5',2012,'2012-04-01 00:00:00','alta'),(82,'PC082','hw','PC6',2012,'2012-04-01 00:00:00','alta'),(83,'PC083','hw','PC7',2012,'2012-04-01 00:00:00','alta'),(84,'PC084','hw','PC8',2012,'2012-04-01 00:00:00','alta'),(85,'PC085','hw','PC9',2012,'2012-04-01 00:00:00','alta'),(86,'PC086','hw','PC10',2012,'2012-04-01 00:00:00','alta'),(87,'PC087','hw','PC11',2012,'2012-04-01 00:00:00','alta'),(88,'PC088','hw','PC12',2012,'2012-04-01 00:00:00','alta'),(89,'PC089','hw','PC13',2012,'2012-04-01 00:00:00','alta'),(90,'PC090','hw','PC14',2012,'2012-04-01 00:00:00','alta'),(91,'PC091','hw','PC15',2012,'2012-04-01 00:00:00','alta'),(92,'PC092','hw','PC16',2012,'2012-04-01 00:00:00','alta'),(93,'PC093','hw','PC17',2012,'2012-04-01 00:00:00','alta'),(94,'PC094','hw','PC18',2012,'2012-04-01 00:00:00','alta'),(95,'PC095','hw','PC19',2012,'2012-04-01 00:00:00','alta'),(96,'PC096','hw','PC 20',2012,'2012-04-01 00:00:00','alta'),(97,'PC097','hw','PC 21',2012,'2012-04-01 00:00:00','alta'),(98,'PC098','hw','PC 22',2012,'2012-04-01 00:00:00','alta'),(99,'PC099','hw','PC 23',2012,'2012-04-01 00:00:00','alta'),(100,'PC100','hw','PC24',2012,'2012-04-01 00:00:00','alta'),(101,'PC101','hw','PC 25',2012,'2012-04-01 00:00:00','alta'),(102,'PC102','hw','PC26',2012,'2012-04-01 00:00:00','alta'),(103,'PC103','hw','PC 27',2012,'2012-04-01 00:00:00','alta'),(104,'PC104','hw','PC 28',2012,'2012-04-01 00:00:00','alta'),(105,'PC105','hw','PC 29',2012,'2012-04-01 00:00:00','alta');
/*!40000 ALTER TABLE `distribucion` ENABLE KEYS */;
UNLOCK TABLES;

--
-- Table structure for table `equipo`
--

DROP TABLE IF EXISTS `equipo`;
CREATE TABLE `equipo` (
  `codEqp` varchar(8) NOT NULL,
  `sitEqp` varchar(4) default NULL,
  `fadEqp` datetime default NULL,
  `docEqp` varchar(50) default NULL,
  `fdcEqp` datetime default NULL,
  `comEqp` varchar(10) default NULL,
  `ncmEqp` varchar(10) default NULL,
  `vunEqp` double default NULL,
  `oriEqp` varchar(20) default NULL,
  `ubiEqp` varchar(3) default NULL,
  `dtpEqp` varchar(6) default NULL,
  `codOpe` varchar(8) default NULL,
  PRIMARY KEY  (`codEqp`)
) ENGINE=MyISAM DEFAULT CHARSET=utf8;

--
-- Dumping data for table `equipo`
--

LOCK TABLES `equipo` WRITE;
/*!40000 ALTER TABLE `equipo` DISABLE KEYS */;
INSERT INTO `equipo` VALUES ('PC001','alta',NULL,NULL,NULL,NULL,NULL,NULL,NULL,'sw1','PC01',NULL),('PC002','alta',NULL,NULL,NULL,NULL,NULL,NULL,NULL,'sw1','PC02',NULL),('PC003','alta',NULL,NULL,NULL,NULL,NULL,NULL,NULL,'sw1','PC03',NULL),('PC004','alta',NULL,NULL,NULL,NULL,NULL,NULL,NULL,'sw1','PC04',NULL),('PC005','alta',NULL,NULL,NULL,NULL,NULL,NULL,NULL,'sw1','PC05',NULL),('PC006','alta',NULL,NULL,NULL,NULL,NULL,NULL,NULL,'sw1','PC06',NULL),('PC007','alta',NULL,NULL,NULL,NULL,NULL,NULL,NULL,'sw1','PC07',NULL),('PC008','alta',NULL,NULL,NULL,NULL,NULL,NULL,NULL,'sw1','PC08',NULL),('PC009','alta',NULL,NULL,NULL,NULL,NULL,NULL,NULL,'sw1','PC09',NULL),('PC010','alta',NULL,NULL,NULL,NULL,NULL,NULL,NULL,'sw1','PC10',NULL),('PC011','alta',NULL,NULL,NULL,NULL,NULL,NULL,NULL,'sw1','PC11',NULL),('PC012','alta',NULL,NULL,NULL,NULL,NULL,NULL,NULL,'sw1','PC12',NULL),('PC013','alta',NULL,NULL,NULL,NULL,NULL,NULL,NULL,'sw1','PC13',NULL),('PC014','alta',NULL,NULL,NULL,NULL,NULL,NULL,NULL,'sw1','PC14',NULL),('PC015','alta',NULL,NULL,NULL,NULL,NULL,NULL,NULL,'sw1','PC15',NULL),('PC016','alta',NULL,NULL,NULL,NULL,NULL,NULL,NULL,'sw1','PC16',NULL),('PC017','alta',NULL,NULL,NULL,NULL,NULL,NULL,NULL,'sw1','PC17',NULL),('PC018','alta',NULL,NULL,NULL,NULL,NULL,NULL,NULL,'sw1','PC18',NULL),('PC019','alta',NULL,NULL,NULL,NULL,NULL,NULL,NULL,'sw1','PC19',NULL),('PC020','alta',NULL,NULL,NULL,NULL,NULL,NULL,NULL,'sw1','PC20',NULL),('PC021','alta',NULL,NULL,NULL,NULL,NULL,NULL,NULL,'sw1','PC21',NULL),('PC022','alta',NULL,NULL,NULL,NULL,NULL,NULL,NULL,'sw1','PC22',NULL),('PC023','alta',NULL,NULL,NULL,NULL,NULL,NULL,NULL,'sw1','PC23',NULL),('PC024','alta',NULL,NULL,NULL,NULL,NULL,NULL,NULL,'sw1','PC24',NULL),('PC025','alta',NULL,NULL,NULL,NULL,NULL,NULL,NULL,'sw1','PC25',NULL),('PC026','alta',NULL,NULL,NULL,NULL,NULL,NULL,NULL,'sw1','PC26',NULL),('PC027','alta',NULL,NULL,NULL,NULL,NULL,NULL,NULL,'sw1','PC27',NULL),('PC028','alta',NULL,NULL,NULL,NULL,NULL,NULL,NULL,'sw1','PC28',NULL),('PC029','alta',NULL,NULL,NULL,NULL,NULL,NULL,NULL,'sw1','PC29',NULL),('PC030','alta',NULL,NULL,NULL,NULL,NULL,NULL,NULL,'sw1','PC30',NULL),('PC031','alta',NULL,NULL,NULL,NULL,NULL,NULL,NULL,'sw1','PC31',NULL),('PC032','alta',NULL,NULL,NULL,NULL,NULL,NULL,NULL,'sw1','PC32',NULL),('PC033','alta',NULL,NULL,NULL,NULL,NULL,NULL,NULL,'sw1','PC33',NULL),('PC034','alta',NULL,NULL,NULL,NULL,NULL,NULL,NULL,'sw1','PC34',NULL),('PC035','alta',NULL,NULL,NULL,NULL,NULL,NULL,NULL,'sw1','PC35',NULL),('PC036','alta',NULL,NULL,NULL,NULL,NULL,NULL,NULL,'sw1','PC36',NULL),('PC037','alta',NULL,NULL,NULL,NULL,NULL,NULL,NULL,'sw1','PC37',NULL),('PC038','alta',NULL,NULL,NULL,NULL,NULL,NULL,NULL,'sw1','PC38',NULL),('PC039','alta',NULL,NULL,NULL,NULL,NULL,NULL,NULL,'sw1','PC39',NULL),('PC040','alta',NULL,NULL,NULL,NULL,NULL,NULL,NULL,'sw1','PC40',NULL),('PC041','alta',NULL,NULL,NULL,NULL,NULL,NULL,NULL,'sw1','PC41',NULL),('PC042','alta',NULL,NULL,NULL,NULL,NULL,NULL,NULL,'sw1','PC42',NULL),('PC043','alta',NULL,NULL,NULL,NULL,NULL,NULL,NULL,'red','PC01',NULL),('PC044','alta',NULL,NULL,NULL,NULL,NULL,NULL,NULL,'red','PC02',NULL),('PC045','alta',NULL,NULL,NULL,NULL,NULL,NULL,NULL,'red','PC03',NULL),('PC046','alta',NULL,NULL,NULL,NULL,NULL,NULL,NULL,'red','PC04',NULL),('PC047','alta',NULL,NULL,NULL,NULL,NULL,NULL,NULL,'red','PC05',NULL),('PC048','alta',NULL,NULL,NULL,NULL,NULL,NULL,NULL,'red','PC06',NULL),('PC049','alta',NULL,NULL,NULL,NULL,NULL,NULL,NULL,'red','PC07',NULL),('PC050','alta',NULL,NULL,NULL,NULL,NULL,NULL,NULL,'red','PC08',NULL),('PC051','alta',NULL,NULL,NULL,NULL,NULL,NULL,NULL,'red','PC09',NULL),('PC052','alta',NULL,NULL,NULL,NULL,NULL,NULL,NULL,'red','PC10',NULL),('PC053','alta',NULL,NULL,NULL,NULL,NULL,NULL,NULL,'red','PC11',NULL),('PC054','alta',NULL,NULL,NULL,NULL,NULL,NULL,NULL,'red','PC12',NULL),('PC055','alta',NULL,NULL,NULL,NULL,NULL,NULL,NULL,'red','PC13',NULL),('PC056','alta',NULL,NULL,NULL,NULL,NULL,NULL,NULL,'red','PC14',NULL),('PC057','alta',NULL,NULL,NULL,NULL,NULL,NULL,NULL,'red','PC15',NULL),('PC058','alta',NULL,NULL,NULL,NULL,NULL,NULL,NULL,'red','PC16',NULL),('PC059','alta',NULL,NULL,NULL,NULL,NULL,NULL,NULL,'red','PC17',NULL),('PC060','alta',NULL,NULL,NULL,NULL,NULL,NULL,NULL,'red','PC18',NULL),('PC061','alta',NULL,NULL,NULL,NULL,NULL,NULL,NULL,'red','PC19',NULL),('PC062','alta',NULL,NULL,NULL,NULL,NULL,NULL,NULL,'red','PC20',NULL),('PC063','alta',NULL,NULL,NULL,NULL,NULL,NULL,NULL,'red','PC21',NULL),('PC064','alta',NULL,NULL,NULL,NULL,NULL,NULL,NULL,'red','PC22',NULL),('PC065','alta',NULL,NULL,NULL,NULL,NULL,NULL,NULL,'red','PC23',NULL),('PC066','alta',NULL,NULL,NULL,NULL,NULL,NULL,NULL,'red','PC24',NULL),('PC067','alta',NULL,NULL,NULL,NULL,NULL,NULL,NULL,'red','PC25',NULL),('PC068','alta',NULL,NULL,NULL,NULL,NULL,NULL,NULL,'red','PC26',NULL),('PC069','baja',NULL,NULL,NULL,NULL,NULL,NULL,NULL,'hw','PC01',NULL),('PC070','baja',NULL,NULL,NULL,NULL,NULL,NULL,NULL,'hw','PC02',NULL),('PC071','baja',NULL,NULL,NULL,NULL,NULL,NULL,NULL,'hw','PC03',NULL),('PC072','baja',NULL,NULL,NULL,NULL,NULL,NULL,NULL,'hw','PC04',NULL),('PC073','baja',NULL,NULL,NULL,NULL,NULL,NULL,NULL,'hw','PC05',NULL),('PC074','baja',NULL,NULL,NULL,NULL,NULL,NULL,NULL,'hw','PC06',NULL),('PC075','baja',NULL,NULL,NULL,NULL,NULL,NULL,NULL,'hw','PC07',NULL),('PC076','baja',NULL,NULL,NULL,NULL,NULL,NULL,NULL,'hw','PC08',NULL),('PC077','alta',NULL,NULL,NULL,NULL,NULL,NULL,NULL,'hw','PC1',NULL),('PC078','alta',NULL,NULL,NULL,NULL,NULL,NULL,NULL,'hw','PC2',NULL),('PC079','alta',NULL,NULL,NULL,NULL,NULL,NULL,NULL,'hw','PC3',NULL),('PC080','alta',NULL,NULL,NULL,NULL,NULL,NULL,NULL,'hw','PC4',NULL),('PC081','alta',NULL,NULL,NULL,NULL,NULL,NULL,NULL,'hw','PC5',NULL),('PC082','alta',NULL,NULL,NULL,NULL,NULL,NULL,NULL,'hw','PC6',NULL),('PC083','alta',NULL,NULL,NULL,NULL,NULL,NULL,NULL,'hw','PC7',NULL),('PC084','alta',NULL,NULL,NULL,NULL,NULL,NULL,NULL,'hw','PC8',NULL),('PC085','alta',NULL,NULL,NULL,NULL,NULL,NULL,NULL,'hw','PC9',NULL),('PC086','alta',NULL,NULL,NULL,NULL,NULL,NULL,NULL,'hw','PC10',NULL),('PC087','alta',NULL,NULL,NULL,NULL,NULL,NULL,NULL,'hw','PC11',NULL),('PC088','alta',NULL,NULL,NULL,NULL,NULL,NULL,NULL,'hw','PC12',NULL),('PC089','alta',NULL,NULL,NULL,NULL,NULL,NULL,NULL,'hw','PC13',NULL),('PC090','alta',NULL,NULL,NULL,NULL,NULL,NULL,NULL,'hw','PC14',NULL),('PC091','alta',NULL,NULL,NULL,NULL,NULL,NULL,NULL,'hw','PC15',NULL),('PC092','alta',NULL,NULL,NULL,NULL,NULL,NULL,NULL,'hw','PC16',NULL),('PC093','alta',NULL,NULL,NULL,NULL,NULL,NULL,NULL,'hw','PC17',NULL),('PC094','alta',NULL,NULL,NULL,NULL,NULL,NULL,NULL,'hw','PC18',NULL),('PC095','alta',NULL,NULL,NULL,NULL,NULL,NULL,NULL,'hw','PC19',NULL),('PC096','alta',NULL,NULL,NULL,NULL,NULL,NULL,NULL,'hw','PC 20',NULL),('PC097','alta',NULL,NULL,NULL,NULL,NULL,NULL,NULL,'hw','PC 21',NULL),('PC098','alta',NULL,NULL,NULL,NULL,NULL,NULL,NULL,'hw','PC 22',NULL),('PC099','alta',NULL,NULL,NULL,NULL,NULL,NULL,NULL,'hw','PC 23',NULL),('PC100','alta',NULL,NULL,NULL,NULL,NULL,NULL,NULL,'hw','PC24',NULL),('PC101','alta',NULL,NULL,NULL,NULL,NULL,NULL,NULL,'hw','PC 25',NULL),('PC102','alta',NULL,NULL,NULL,NULL,NULL,NULL,NULL,'hw','PC26',NULL),('PC103','alta',NULL,NULL,NULL,NULL,NULL,NULL,NULL,'hw','PC 27',NULL),('PC104','alta',NULL,NULL,NULL,NULL,NULL,NULL,NULL,'hw','PC 28',NULL),('PC105','alta',NULL,NULL,NULL,NULL,NULL,NULL,NULL,'hw','PC 29',NULL);
/*!40000 ALTER TABLE `equipo` ENABLE KEYS */;
UNLOCK TABLES;

--
-- Table structure for table `mantenimiento`
--

DROP TABLE IF EXISTS `mantenimiento`;
CREATE TABLE `mantenimiento` (
  `idMnt` int(11) NOT NULL auto_increment,
  `codEqp` varchar(6) default NULL,
  `desMnt` varchar(50) default NULL,
  `tipMnt` varchar(4) default NULL,
  `fecMnt` datetime default NULL,
  `codOpe` varchar(8) default NULL,
  PRIMARY KEY  (`idMnt`),
  KEY `codEqp` (`codEqp`),
  KEY `idMnt` (`idMnt`)
) ENGINE=MyISAM AUTO_INCREMENT=4 DEFAULT CHARSET=utf8;

--
-- Dumping data for table `mantenimiento`
--

LOCK TABLES `mantenimiento` WRITE;
/*!40000 ALTER TABLE `mantenimiento` DISABLE KEYS */;
INSERT INTO `mantenimiento` VALUES (1,'PC001','Mantenimiento de rutina','prev','2012-01-16 00:00:00','OP001'),(2,'PC007','Cambiar memoria RAM','corr','2012-07-01 00:00:00','OP002'),(3,'PC105','Ajustar la memoria','fall','2012-04-11 00:00:00','OP001');
/*!40000 ALTER TABLE `mantenimiento` ENABLE KEYS */;
UNLOCK TABLES;

--
-- Table structure for table `operador`
--

DROP TABLE IF EXISTS `operador`;
CREATE TABLE `operador` (
  `codOpe` varchar(8) NOT NULL,
  `nomOpe` varchar(60) default NULL,
  `logOpe` varchar(20) default NULL,
  `claOpe` varchar(20) default NULL,
  `perOpe` varchar(3) default NULL,
  `estOpe` varchar(1) default NULL,
  `tipOpe` varchar(1) default NULL,
  PRIMARY KEY  (`codOpe`)
) ENGINE=MyISAM DEFAULT CHARSET=utf8;

--
-- Dumping data for table `operador`
--

LOCK TABLES `operador` WRITE;
/*!40000 ALTER TABLE `operador` DISABLE KEYS */;
INSERT INTO `operador` VALUES ('OP001','Administrador','admin','admin','T','A','A'),('OP002','Docente','gonzalonc','29552697','R','A','D'),('OP003','Alumno','luisxxx','12345678','R','A','E');
/*!40000 ALTER TABLE `operador` ENABLE KEYS */;
UNLOCK TABLES;

--
-- Table structure for table `permiso`
--

DROP TABLE IF EXISTS `permiso`;
CREATE TABLE `permiso` (
  `codPer` varchar(1) NOT NULL,
  `desPer` varchar(20) default NULL,
  `estPer` varchar(1) default NULL,
  PRIMARY KEY  (`codPer`)
) ENGINE=MyISAM DEFAULT CHARSET=utf8;

--
-- Dumping data for table `permiso`
--

LOCK TABLES `permiso` WRITE;
/*!40000 ALTER TABLE `permiso` DISABLE KEYS */;
INSERT INTO `permiso` VALUES ('A','Agregar','A'),('E','Eliminar','A'),('M','Modificar','A'),('R','Reporte','A'),('T','Total','A');
/*!40000 ALTER TABLE `permiso` ENABLE KEYS */;
UNLOCK TABLES;
/*!40103 SET TIME_ZONE=@OLD_TIME_ZONE */;

/*!40101 SET SQL_MODE=@OLD_SQL_MODE */;
/*!40014 SET FOREIGN_KEY_CHECKS=@OLD_FOREIGN_KEY_CHECKS */;
/*!40014 SET UNIQUE_CHECKS=@OLD_UNIQUE_CHECKS */;
/*!40101 SET CHARACTER_SET_CLIENT=@OLD_CHARACTER_SET_CLIENT */;
/*!40101 SET CHARACTER_SET_RESULTS=@OLD_CHARACTER_SET_RESULTS */;
/*!40101 SET COLLATION_CONNECTION=@OLD_COLLATION_CONNECTION */;
/*!40111 SET SQL_NOTES=@OLD_SQL_NOTES */;

-- Dump completed on 2013-01-25 15:54:05
